Sample_ID,Arm_Code,Drug
FBR1Y240001,RXA,control
FBR1Y240001,RXJ,Paclitaxel + Carboplatin
FBR1Y240001,RXF,Cisplatin_Cmax
FBR1Y240001,RXL,Gemcitabine + Carboplatin
FBR1Y240002,RXA,control
FBR1Y240002,RXF,Cisplatin_Cmax
FBR1Y240002,RXG,Cisplatin_Cmax + 5FU + Docetaxel
FBR1Y240003,RXA,control
FBR1Y240003,RXJ,Paclitaxel + Carboplatin
FBR1Y240003,RXF,Cisplatin_Cmax
FBR1Y240003,RXL,Gemcitabine + Carboplatin
FBR1X240006,RXA,control
FBR1X240006,RXF,Cisplatin_Cmax
FBR1X240006,RXG,Cisplatin_Cmax + 5FU + Docetaxel
FBR1Y240008,RXA,control
FBR1Y240008,RXJ,Paclitaxel + Carboplatin
FBR1Y240008,RXF,Cisplatin_Cmax
FBR1Y240009,RXA,control
FBR1Y240009,RXF,Cisplatin_Cmax
FBR1Y240009,RXG,Cisplatin_Cmax + 5FU + Docetaxel
FBR1Y240009,RXW,Cisplatin_Cmax + Nivolumab_Low dose
FBR1Z240011,RXA,control
FBR1Z240011,RXV,Paclitaxel + Carboplatin + Nivolumab_Low dose
FBR1Z240011,RXJ,Paclitaxel + Carboplatin
FBR1Z240011,RXC,Nivolumab_Cmax
FBR1Y240013,RXA,control
FBR1Y240013,RXJ,Paclitaxel + Carboplatin
FBR1Y240013,RXF,Cisplatin_Cmax
FBR1Y240013,RXL,Gemcitabine + Carboplatin
FBR2K240015,RXA,control
FBR2K240015,RXC,Nivolumab_Cmax
FBR1Y240016,RXA,control
FBR1Y240016,RXF,Cisplatin_Cmax
FBR1Y240016,RXG,Cisplatin_Cmax + 5FU + Docetaxel
FBR1Q240022,RXA,control
FBR1Q240022,RXAI,IL2
FBR1Q240022,RXT,Anti-CD3 + IL2
FBR2K240026,RXA,control
FBR2K240026,RXC,Nivolumab_Cmax
FBR2K240027,RXAF,control
FBR2K240027,RXAG,Nivolumab_Cmax
FBR2K240027,RXA,control
FBR2K240027,RXC,Nivolumab_Cmax
FBR1X240028,RXA,control
FBR1X240028,RXF,Cisplatin_Cmax
FBR1X240028,RXG,Cisplatin_Cmax + 5FU + Docetaxel
FBR2K240029,RXAF,control
FBR2K240029,RXAG,Nivolumab_Cmax
FBR2K240029,RXA,control
FBR2K240029,RXC,Nivolumab_Cmax
FBR2K240030,RXAF,control
FBR2K240030,RXAG,Nivolumab_Cmax
FBR2K240030,RXA,control
FBR2K240030,RXC,Nivolumab_Cmax
FBR2F240030,RXZ,control
FBR2F240030,RXAA,control
FBR1Y240031,RXA,control
FBR1Y240031,RXF,Cisplatin_Cmax
FBR1Z240032,RXA,control
FBR1Z240032,RXV,Paclitaxel + Carboplatin + Nivolumab_Low dose
FBR1Z240032,RXAH,Methotrexate + Nivolumab_Low dose
FBR1Z240032,RXJ,Paclitaxel + Carboplatin
FBR1Z240032,RXN,Methotrexate
FBR1Z240032,RXC,Nivolumab_Cmax
FBR2F240032,RXZ,control
FBR2F240032,RXAA,control
FBR1Y240034,RXA,control
FBR1Y240034,RXF,Cisplatin_Cmax
FBR1Y240034,RXG,Cisplatin_Cmax + 5FU + Docetaxel
FBR2K240035,RXA,control
FBR2K240035,RXC,Nivolumab_Cmax
FBR1Y240041,RXA,control
FBR2F240041,RXZ,control
FBR2F240041,RXAA,control
FBR1Q240042,RXA,control
FBR1Q240042,RXAS,control
FBR1Q240042,RXT,Anti-CD3 + IL2
FBR1Y240043,RXA,control
FBR1Y240043,RXF,Cisplatin_Cmax
FBR1Y240045,RXA,control
FBR1Y240045,RXAI,control
FBR1Y240049,RXA,control
FBR2J240051,RXA,control
FBR2J240051,RXB,control
FBR1Y240052,RXA,control
FBR1Y240052,RXF,Cisplatin_Cmax
FBR1Y240052,RXG,Cisplatin_Cmax + 5FU + Docetaxel
FBR1W240055,RXA,control
FBR1W240055,RXC,Paclitaxel + Carboplatin
FBR1W240059,RXA,control
FBR1W240059,RXC,Paclitaxel + Carboplatin
FBR2A240061,RXA,control
FBR2A240061,RXC,Paclitaxel + Carboplatin
FBR2A240061,RXK,Lipodox
FBR1Y240062,RXA,control
FBR2F240062,RXZ,control
FBR2F240062,RXAA,control
FBR1Y240063,RXA,control
FBR1Y240064,RXA,control
FBR1Y240064,RXF,Cisplatin_Cmax
FBR1Y240064,RXG,Cisplatin_Cmax + 5FU + Docetaxel
FBR1Y240065,RXA,control
FBR2A240067,RXA,control
FBR2A240067,RXC,Paclitaxel + Carboplatin
FBR2A240067,RXK,Lipodox
FBR2B240068,RXA,control
FBR1W240075,RXA,control
FBR1W240075,RXC,Paclitaxel + Carboplatin
FBR1W240075,RXD,Paclitaxel + Carboplatin + Pembrolizumab_Cmax
FBR1Y240077,RXA,control
FBR1Y240077,RXAE,control
FBR1Y240077,RXAI,control
FBR1Y240077,RXAK,control
FBR1Y240077,RXJ,Paclitaxel + Carboplatin
FBR1Y240077,RXF,Cisplatin_Cmax
FBR2C240079,RXA,control
FBR2C240079,RXM,control
FBR2C240079,RXB,Nivolumab_Cmax
FBR2C240079,RXC,Nivolumab_Cmax + Sunitinib
FBR2C240079,RXD,Sunitinib
FBR1Y240082,RXA,control
FBR1Y240082,RXF,Cisplatin_Cmax
FBR1Y240083,RXA,control
FBR1Y240083,RXF,Cisplatin_Cmax
FBR1Q240088,RXA,control
FBR1Q240088,RXAZ,Nivolumab_Cmax
FBR1Q240088,RXAV,
FBR1Q240088,RXBA,Nivolumab_Cmax
FBR1Y240091,RXA,control
FBR1Y240091,RXAE,control
FBR1Y240091,RXAJ,control
FBR1Y240091,RXAK,control
FBR1Y240091,RXAI,control
FBR1Y240093,RXA,control
FBR1Y240093,RXAE,control
FBR1Y240093,RXAJ,control
FBR1Y240093,RXAK,control
FBR1W240095,RXA,control
FBR1W240095,RXAQ,Paclitaxel + Carboplatin
FBR1W240095,RXBD,control
FBR2M240096,RXA,control
FBR2M240096,RXB,Methotrexate + Erlotinib + Celecoxib + Nivolumab_Low dose
FBR2M240096,RXC,Nivolumab_Cmax
FBR2M240096,RXD,Methotrexate + Erlotinib + Celecoxib
FBR2M240096,RXE,Nivolumab_Low dose
FBR2M240096,RXF,Cisplatin_Cmax
FBR2M240096,RXG,Cisplatin_Cmax + 5FU + Docetaxel
FBR2M240096,RXH,Cisplatin_Cmax + 5FU
FBR2C240100,RXA,control
FBR2C240100,RXD,Sunitinib
FBR2C240100,RXG,Pazopanib
FBR1Y240102,RXA,control
FBR1Y240102,RXAI,control
FBR1Y240102,RXAE,control
FBR1Y240102,RXC,Nivolumab_Cmax
FBR1Y240102,RXAJ,control
FBR2F240102,RXA,control
FBR2F240102,RXC,Nivolumab_Cmax
FBR2F240102,RXAJ,control
FBR1W240104,RXA,control
FBR1W240104,RXAQ,Paclitaxel + Carboplatin
FBR1W240104,RXBD,control
FBR1Y240105,RXA,control
FBR1Y240105,RXJ,Paclitaxel + Carboplatin
FBR1Y240105,RXC,Nivolumab_Cmax
FBR1W240106,RXA,control
FBR1W240106,RXF,Adriamycin / Doxorubicin + Cyclophosphamide + Paclitaxel
FBR1W240106,RXC,Paclitaxel + Carboplatin
FBR1Y240108,RXA,control
FBR1Y240108,RXAE,control
FBR1Y240108,RXAI,control
FBR1Y240108,RXAK,control
FBR1Y240108,RXF,Cisplatin_Cmax
FBR1Y240110,RXA,control
FBR1Y240110,RXF,Cisplatin_Cmax
FBR1Y240110,RXG,Cisplatin_Cmax + 5FU + Docetaxel
FBR1Y240110,RXW,Cisplatin_Cmax + Nivolumab_Low dose
FBR1Y240113,RXA,control
FBR1Y240113,RXF,Cisplatin_Cmax
FBR2C240114,RXA,control
FBR2C240114,RXM,control
FBR1Y240118,RXA,control
FBR1Y240118,RXF,Cisplatin_Cmax
FBR1Y240118,RXAI,control
FBR1Y240119,RXAI,control
FBR1Y240119,RXAL,Nivolumab_Cmax
FBR1Y240119,RXAJ,control
FBR1Y240119,RXAD,Anti-CD3 + IL2
FBR1Y240119,RXAQ,
FBR1Y240122,RXA,control
FBR1Y240122,RXAJ,control
FBR1Y240122,RXF,Cisplatin_Cmax
FBR1Y240122,RXG,Cisplatin_Cmax + 5FU + Docetaxel
FBR1W240124,RXAH,Nivolumab_Low dose
FBR1W240124,RXBD,control
FBR1W240124,RXAQ,Paclitaxel + Carboplatin
FBR1W240124,RXBE,Paclitaxel + Carboplatin + Pembrolizumab_Cmax
FBR1Y240131,RXAI,control
FBR1Y240131,RXAJ,control
FBR1Y240131,RXAN,Cisplatin_Cmax
FBR1Y240131,RXAT,Cisplatin_Cmax + 5FU + Docetaxel
FBR1Q240132,RXA,control
FBR1Q240132,RXAZ,Nivolumab_Cmax
FBR1Q240132,RXAV,
FBR1Q240132,RXBA,Nivolumab_Cmax
FBR2A240137,RXAA,control
FBR2A240137,RXP,Paclitaxel + Carboplatin
FBR2A240137,RXW,Lipodox
FBR1Q240139,RXA,control
FBR1Q240139,RXAS,control
FBR1Q240139,RXBF,Adriamycin / Doxorubicin + Cyclophosphamide + Paclitaxel
FBR1Q240139,RXAZ,Nivolumab_Cmax
FBR2A240141,RXA,control
FBR2A240141,RXC,Paclitaxel + Carboplatin
FBR2A240141,RXK,Lipodox
FBR2A240141,RXAA,control
FBR2A240141,RXP,Paclitaxel + Carboplatin
FBR2C240142,RXA,control
FBR2C240142,RXB,Nivolumab_Cmax
FBR2C240142,RXD,Sunitinib
FBR2C240142,RXM,control
FBR2C240147,RXA,control
FBR2C240147,RXB,Nivolumab_Cmax
FBR2C240147,RXO,control
FBR2C240147,RXP,Nivolumab_Cmax
FBR2C240147,RXD,Sunitinib
FBR2A240152,RXA,control
FBR2A240152,RXC,Paclitaxel + Carboplatin
FBR1X240168,RXAI,control
FBR1X240168,RXAN,Cisplatin_Cmax
FBR2L240172,RXAI,control
FBR2L240172,RXAW,
FBR2L240172,RXA,control
FBR2L240172,RXAX,
FBR2L240190,RXAI,control
FBR2L240190,RXAW,
FBR2L240190,RXA,control
FBR2L240190,RXAX,
FBR2N240193,RXA,control
FBR2N240193,RXC,Nivolumab_Cmax
FBR2O240194,RXA,control
FBR2O240194,RXB,control
FBR2O240198,RXA,control
FBR2O240198,RXB,control
FBR2O240203,RXA,control
FBR2O240203,RXB,control
FBR2O240204,RXA,control
FBR2O240204,RXB,control
FBR2O240211,RXA,control
FBR2O240211,RXB,control
FBR1X240219,RXAI,control
FBR1X240219,RXAN,Cisplatin_Cmax
FBR1X240219,RXAT,Cisplatin_Cmax + 5FU + Docetaxel
FBR1Q240225,RXAM,control
FBR1Q240225,RXBF,Adriamycin / Doxorubicin + Cyclophosphamide + Paclitaxel
FBR2Q240229,RXA,control
FBR2Q240229,RXBN,control
FBR1J240233,RXB,Anti-CD3 + IL2
FBR1J240233,RXA,control
FBR1J240233,RXC,control
FBR2N240235,RXA,control
FBR2N240235,RXF,Cisplatin_Cmax
FBR2N240235,RXJ,Paclitaxel + Carboplatin
FBR2Q240238,RXA,control
FBR2Q240238,RXBN,control
FBR2Q240238,RXBO,control
FBR2Q240238,RXBP,control
FBR2N240238,RXA,control
FBR2N240238,RXBN,control
FBR2N240238,RXBO,control
FBR2N240238,RXBP,control
FBR1J240244,RXA,control
FBR1J240244,RXD,Anti-CD3 + IL2
FBR1J240244,RXE,control
FBR1J240244,RXF,5FU + Leucovorin + Oxaliplatin
FBR1J240244,RXG,Carboplatin
FBR2N240245,RXA,control
FBR2N240245,RXBN,control
FBR2N240245,RXF,Cisplatin_Cmax
FBR2N240245,RXBO,control
FBR2N240245,RXBP,control
FBR1Q240251,RXBH,control
FBR1Q240251,RXBL,control
FBR2F240252,RXAV,
FBR2F240252,RXBS,control
FBR2F240254,RXBS,control
FBR2F240254,RXCA,Cisplatin_Cmax
FBR2F240254,RXAV,
FBR2F240254,RXAY,Cisplatin_Cmax
FBR2F240261,RXAV,
FBR2F240261,RXAY,Cisplatin_Cmax
FBR2A240262,RXA,control
FBR2A240262,RXC,Paclitaxel + Carboplatin
FBR2A240262,RXV,Nivolumab_Cmax
FBR2A240262,RXAA,control
FBR2A240262,RXP,Paclitaxel + Carboplatin
FBR2A240262,RXS,Nivolumab_Cmax
FBR1X240265,RXAI,control
FBR1X240265,RXAN,Cisplatin_Cmax
FBR1X240265,RXAT,Cisplatin_Cmax + 5FU + Docetaxel
FBR1Q240272,RXA,control
FBR1Q240272,RXBH,control
FBR1Q240272,RXBM,control
FBR2A240275,RXA,control
FBR2A240275,RXC,Paclitaxel + Carboplatin
FBR2A240275,RXO,Lipodox + Carboplatin
FBR2A240275,RXF,Gemcitabine + Carboplatin
FBR2A240275,RXAA,control
FBR2A240275,RXP,Paclitaxel + Carboplatin
FBR2A240275,RXQ,Lipodox + Carboplatin
FBR2A240275,RXZ,Gemcitabine + Carboplatin
FBR2N240281,RXA,control
FBR2N240286,RXAI,control
FBR2N240286,RXAN,Cisplatin_Cmax
FBR2N240289,RXAI,control
FBR2N240289,RXAN,Cisplatin_Cmax
FBR1Q240292,RXA,control
FBR2A240299,RXA,control
FBR2A240299,RXC,Paclitaxel + Carboplatin
FBR2A240299,RXO,Lipodox + Carboplatin
FBR2A240299,RXF,Gemcitabine + Carboplatin
FBR2A240299,RXAA,control
FBR2A240299,RXP,Paclitaxel + Carboplatin
FBR2A240299,RXQ,Lipodox + Carboplatin
FBR2A240299,RXZ,Gemcitabine + Carboplatin
FBR2N240301,RXAI,control
FBR2N240301,RXAN,Cisplatin_Cmax
FBR2S240304,RXA,control
FBR2S240304,RXB,control
FBR1Q240308,RXA,control
FBR1Q240308,RXAZ,Nivolumab_Cmax
FBR2S240326,RXA,control
FBR2S240326,RXB,control
FBR1Q240327,RXA,control
FBR1Q240327,RXAZ,Nivolumab_Cmax
FBR1Q240327,RXBN,control
FBR1Q240329,RXA,control
FBR1Q240329,RXAZ,Nivolumab_Cmax
FBR1Q240329,RXBN,control
FBR2S240330,RXA,control
FBR2S240330,RXE,control
FBR2S240330,RXB,control
FBR2S240330,RXF,control
FBR2A240332,RXA,control
FBR2A240332,RXC,Paclitaxel + Carboplatin
FBR2A240332,RXO,Lipodox + Carboplatin
FBR2A240332,RXF,Gemcitabine + Carboplatin
FBR1Q240338,RXA,control
FBR1Q240338,RXAZ,Nivolumab_Cmax
FBR1Q240338,RXBN,control
FBR2A240342,RXA,control
FBR2A240342,RXC,Paclitaxel + Carboplatin
FBR2A240346,RXA,control
FBR2A240346,RXC,Paclitaxel + Carboplatin
FBR2A240346,RXO,Lipodox + Carboplatin
FBR2A240346,RXF,Gemcitabine + Carboplatin
FBR2A240346,RXAA,control
FBR2A240346,RXP,Paclitaxel + Carboplatin
FBR2A240346,RXQ,Lipodox + Carboplatin
FBR2A240346,RXZ,Gemcitabine + Carboplatin
FBR2L240355,RXAI,control
FBR2L240355,RXAN,Cisplatin_Cmax
FBR2S240361,RXA,control
FBR2S240361,RXE,control
FBR2S240363,RXA,control
FBR2S240363,RXJ,Nivolumab_Cmax
FBR1J250007,RXA,control
FBR1J250007,RXB,Anti-CD3 + IL2
FBR1J250009,RXA,control
FBR1J250009,RXB,Anti-CD3 + IL2
FBR2F250010,RXAV,
FBR2F250010,RXBS,control
FBR2F250010,RXAJ,control
FBR2F250010,RXCQ,
FBR1J250019,RXA,control
FBR1J250019,RXB,Anti-CD3 + IL2
FBR2S250021,RXA,control
FBR2S250021,RXJ,Nivolumab_Cmax
FBR2A250028,RXA,control
FBR2A250028,RXC,Paclitaxel + Carboplatin
FBR2A250028,RXD,Docetaxel + Carboplatin
FBR2A250028,RXF,Gemcitabine + Carboplatin
FBR2A250028,RXAA,control
FBR2A250028,RXP,Paclitaxel + Carboplatin
FBR2A250028,RXQ,Lipodox + Carboplatin
FBR2A250028,RXZ,Gemcitabine + Carboplatin
FBR1J250039,RXA,control
FBR1J250039,RXC,control
FBR2S250041,RXA,control
FBR2S250043,RXA,control
FBR2S250047,RXA,control
FBR2S250047,RXJ,Nivolumab_Cmax
FBR1J250064,RXA,control
FBR1J250064,RXC,control
FBR1J250064,RXB,Anti-CD3 + IL2
FBR1J250064,RXD,Anti-CD3 + IL2
FBR2O250067,RXE,
FBR2O250067,RXF,
FBR2O250067,RXC,control
FBR1J250070,RXA,control
FBR1J250070,RXC,control
FBR1K250093,RXA,control
FBR1K250093,RXC,Nivolumab_Cmax
FBR2J250095,RXA,control
FBR2J250095,RXB,control
FBR1Q250104,RXA,control
FBR1Q250104,RXAM,control
FBR1Q250105,RXA,control
FBR1Q250105,RXAM,control
FBR1K250106,RXA,control
FBR1K250106,RXC,Nivolumab_Cmax
FBR1K250107,RXA,control
FBR1K250107,RXC,Nivolumab_Cmax
FBR1Q250108,RXA,control
FBR1Q250108,RXAM,control
FBR1K250111,RXA,control
FBR1K250111,RXC,Nivolumab_Cmax
FBR1K250119,RXA,control
FBR1K250119,RXC,Nivolumab_Cmax
FBR1K250119,RXF,Cisplatin_Cmax
FBR1K250119,RXJ,Paclitaxel + Carboplatin
FBR2T250123,RXA,control
FBR2T250123,RXC,Paclitaxel + Carboplatin
FBR2T250123,RXAA,control
FBR2T250123,RXAG,control
FBR2S250129,RXA,control
FBR2S250129,RXJ,Nivolumab_Cmax
FBR2S250129,RXK,Leucovorin + 5FU + Oxaliplatin
FBR2S250131,RXA,control
FBR2S250131,RXJ,Nivolumab_Cmax
FBR2S250131,RXK,Leucovorin + 5FU + Oxaliplatin
FBR1K250133,RXA,control
FBR1K250133,RXC,Nivolumab_Cmax
FBR1K250133,RXE,Nivolumab_Low dose
FBR1K250137,RXA,control
FBR1K250137,RXC,Nivolumab_Cmax
FBR1K250137,RXF,Cisplatin_Cmax
FBR1K250142,RXA,control
FBR1K250142,RXC,Nivolumab_Cmax
FBR1K250142,RXE,Nivolumab_Low dose
FBR1J250149,RXA,control
FBR1J250149,RXE,control
FBR1Q250173,RXA,control
FBR1Q250173,RXAM,control
FBR1Q250174,RXA,control
FBR1Q250174,RXAM,control
FBR1W250176,RXBP,control
FBR1W250176,RXBQ,5FU
FBR1W250176,RXBR,Epirubicin
FBR1W250176,RXBS,Cyclophosphamide
FBR2S250178,RXA,control
FBR2S250178,RXJ,Nivolumab_Cmax
FBR1Q250179,RXA,control
FBR1Q250179,RXAM,control
FBR1Q250179,RXBT,control
FBR1Q250179,RXBU,
FBR1Q250180,RXA,control
FBR1Q250180,RXAM,control
FBR1Q250181,RXA,control
FBR1Q250181,RXAM,control
FBR2S250185,RXA,control
FBR2S250185,RXJ,Nivolumab_Cmax
FBR2S250185,RXK,Leucovorin + 5FU + Oxaliplatin
FBR2S250187,RXA,control
FBR2S250187,RXJ,Nivolumab_Cmax
FBR1Q250188,RXA,control
FBR1Q250188,RXAM,control
FBR1K250189,RXA,control
FBR1K250189,RXC,Nivolumab_Cmax
FBR1Q250190,RXA,control
FBR1Q250190,RXBT,control
FBR1J250191,RXA,control
FBR1J250191,RXE,control
FBR2J250203,RXA,control
FBR2J250203,RXK,Anti-CD3
FBR2J250203,RXM,Nivolumab_Cmax
FBR2A250205,RXA,control
FBR2A250205,RXC,Paclitaxel + Carboplatin
FBR2A250205,RXO,Lipodox + Carboplatin
FBR2A250205,RXF,Gemcitabine + Carboplatin
FBR1J250212,RXA,control
FBR1J250212,RXE,control
FBR2J250213,RXA,control
FBR2J250213,RXK,Anti-CD3
FBR2J250213,RXM,Nivolumab_Cmax
FBR1Q250220,RXA,control
FBR1Q250220,RXBT,control
FBR2S250232,RXA,control
FBR2S250232,RXJ,Nivolumab_Cmax
FBR2T250247,RXA,control
FBR2T250247,RXC,Paclitaxel + Carboplatin
FBR2T250247,RXAA,control
FBR2T250247,RXAG,control
FBR1Q250249,RXA,control
FBR1Q250249,RXAM,control
FBR2T250251,RXA,control
FBR2T250251,RXC,Paclitaxel + Carboplatin
FBR2T250251,RXAA,control
FBR2T250251,RXAD,Paclitaxel + Carboplatin
FBR1Q250258,RXBT,control
FBR1Q250258,RXBV,control
FBR1K250266,RXA,control
FBR1K250266,RXC,Nivolumab_Cmax
FBR1K250272,RXA,control
FBR1K250272,RXC,Nivolumab_Cmax
FBR1Q250274,RXBT,control
FBR1Q250274,RXBV,control
FBR1Q250274,RXBY,Adriamycin / Doxorubicin + Cyclophosphamide + Paclitaxel
FBR2S250275,RXA,control
FBR2S250275,RXJ,Nivolumab_Cmax
FBR2S250275,RXK,Leucovorin + 5FU + Oxaliplatin
FBR1Q250278,RXBT,control
FBR1Q250278,RXBV,control
FBR1Q250278,RXCC,Adriamycin / Doxorubicin + Cyclophosphamide
FBR1K250280,RXA,control
FBR1K250280,RXC,Nivolumab_Cmax
FBR1K250280,RXCS,control
FBR1K250280,RXCV,Nivolumab_Cmax
FBR1Q250283,RXBT,control
FBR1Q250283,RXBV,control
FBR1Q250283,RXCD,Gemcitabine + Carboplatin
FBR1Q250293,RXBT,control
FBR1Q250293,RXBV,control
FBR1Q250293,RXBY,Adriamycin / Doxorubicin + Cyclophosphamide + Paclitaxel
FBR1Q250293,RXCE,Paclitaxel + Carboplatin
FBR1Q250299,RXBT,control
FBR1Q250299,RXBV,control
FBR1Q250299,RXBY,Adriamycin / Doxorubicin + Cyclophosphamide + Paclitaxel
FBR1Q250299,RXCE,Paclitaxel + Carboplatin
FBR1Q250299,RXCF,Eribulin
FBR1Q250302,RXBT,control
FBR1Q250302,RXBV,control
FBR1Q250302,RXCC,Adriamycin / Doxorubicin + Cyclophosphamide
FBR1Q250302,RXCG,Paclitaxel
FBR1Q250302,RXCD,Gemcitabine + Carboplatin
FBR1Q250302,RXCF,Eribulin
FBR2O250304,RXN,
FBR2O250304,RXO,
FBR2O250304,RXP,
FBR2O250304,RXQ,
FBR2J250309,RXA,control
FBR2J250309,RXF,Cisplatin_Cmax
FBR2U250322,RXA,control
FBR2U250322,RXC,Nivolumab_Cmax
FBR2U250322,RXDD,Nivolumab_Cmax + Ipilimumab
FBR1A210068,RXA,Control
FBR1A210068,RXB,Control
FBR1A210068,RXC,Anti-CD3 + IL2
FBR1A210068,RXD,Anti-CD3 + IL2
FBR1A210068,RXE,LPS
FBR1A210070,RXA,Control
FBR1A210070,RXB,Control
FBR1A210070,RXC,Anti-CD3 + IL2
FBR1A210070,RXD,Anti-CD3 + IL2
FBR1A210070,RXE,LPS
FBR1A210080,RXA,IgG4
FBR1A210080,RXB,Nivolumab_Cmax
FBR1A210080,RXC,Nivolumab_Cmax + Ipilimumab
FBR1A210080,RXD,Anti-CD3 + IL2
FBR1A210080,RXE,Sunitinib
FBR1A210110,RXA,Control
FBR1A210110,RXB,Anti-CD3 + IL2
FBR1A210110,RXC,Sunitinib
FBR1A210110,RXD,Control
FBR1A210110,RXE,Anti-CD3 + IL2
FBR1A210110,RXF,Sunitinib
FBR1A210144,RXA,DMSO(Vehicle)
FBR1A210144,RXB,Docetaxel + Cisplatin_Cmax
FBR1A210146,RXA,DMSO(Vehicle)
FBR1A210146,RXB,Docetaxel + Cisplatin_Cmax
FBR1A210146,RXC,Anti-CD3 + IL2
FBR1A210164,RXA,Control
FBR1A210164,RXB,Anti-CD3 + IL2
FBR1A250167,RXA,Control
FBR1A250167,RXB,Anti-CD3 + IL2
FBR1A210094,RXA,Control
FBR1A210094,RXB,Anti-CD3 + IL2
FBR1A210094,RXC,Sunitinib
FBR1A210175,RXA,Control
FBR1A210175,RXB,Anti-CD3 + IL2
FBR1A210175,RXC,Control
FBR1A210175,RXD,Anti-CD3 + IL2
FBR1A210176,RXA,Control
FBR1A210176,RXB,Anti-CD3 + IL2
FBR1A210176,RXC,Control
FBR1A210176,RXD,Anti-CD3 + IL2
FBR1A210182,RXA,Control
FBR1A210182,RXB,Anti-CD3
FBR1A210182,RXA,Control
FBR1A210182,RXB,Anti-CD3
FBR1A210230,RXA,Control
FBR1A210230,RXB,Anti-CD3
FBR1A210230,RXC,Nivolumab_Cmax + IL2
FBR1B210017,RXA,DMSO(Vehicle) + IgG4
FBR1B210017,RXB,Carboplatin
FBR1B210017,RXC,Nivolumab_Low dose + Carboplatin
FBR1B210017,RXD,Nivolumab_Low dose
FBR1B210017,RXE,Nivolumab_Low dose + Ipilimumab
FBR1B210017,RXF,IgG4
FBR1B210021,RXA,DMSO(Vehicle) + IgG4
FBR1B210021,RXB,Carboplatin
FBR1B210021,RXC,Nivolumab_Cmax + Carboplatin
FBR1B210021,RXD,Nivolumab_Cmax
FBR1B210021,RXE,Nivolumab_Cmax + Ipilimumab
FBR1B210021,RXF,IgG4
FBR1B210024,RXA,DMSO(Vehicle)
FBR1B210024,RXB,Carboplatin
FBR1B210024,RXC,Cetuximab
FBR1B210024,RXD,Control
FBR1B210026,RXA,DMSO(Vehicle)
FBR1B210026,RXB,Carboplatin
FBR1B210026,RXC,Cetuximab
FBR1B210026,RXD,Control
FBR1B210027,RXA,DMSO(Vehicle)
FBR1B210027,RXB,Carboplatin
FBR1B210027,RXC,Cetuximab
FBR1B210030,RXA,DMSO(Vehicle)
FBR1B210030,RXB,Carboplatin
FBR1B210030,RXC,Cetuximab
FBR1B210035,RXA,IgG4 + DMSO(Vehicle)
FBR1B210035,RXB,Nivolumab_Low dose
FBR1B210035,RXC,Nivolumab_Low dose + Ipilimumab
FBR1B210035,RXD,Nivolumab_Low dose + Carboplatin
FBR1B210035,RXE,Carboplatin
FBR1B210035,RXF,Cetuximab
FBR1B210036,RXA,IgG4 + DMSO(Vehicle)
FBR1B210036,RXB,Nivolumab_Low dose
FBR1B210036,RXC,Nivolumab_Low dose + Carboplatin
FBR1B210036,RXD,Carboplatin
FBR1B210036,RXE,Cetuximab
FBR1B210036,RXF,Control
FBR1B210041,RXA,DMSO(Vehicle) + IgG4
FBR1B210041,RXB,Nivolumab_Cmax
FBR1B210041,RXC,Nivolumab_Cmax + Carboplatin
FBR1B210041,RXD,Carboplatin
FBR1B210041,RXE,Cetuximab
FBR1B210041,RXF,Control
FBR1C210051,RXA,Control
FBR1C210051,RXA,DMSO(Vehicle)
FBR1C210051,RXB,Carboplatin
FBR1C210052,RXA,DMSO(Vehicle)
FBR1C210052,RXB,DMSO(Vehicle)
FBR1C210052,RXC,Carboplatin
FBR1C210052,RXD,Carboplatin
FBR1C210240,RXA,Control
FBR1C210240,RXB,Anti-CD3 + IL2
FBR1C210240,RXC,LPS
FBR1D210015,RXA,Control
FBR1D210015,RXB,PHA
FBR1D210015,RXC,LPS
FBR1D210015,RXD,LPS + IFNg
FBR1H210058,RXA,DMSO(Vehicle)
FBR1H210058,RXB,Cisplatin_Cmax
FBR1H210058,RXC,Cisplatin_Cmax + Docetaxel
FBR1H210058,RXD,Cisplatin_Cmax + Cetuximab + Docetaxel
FBR1H210058,RXE,Cisplatin_Low dose
FBR1H210062,RXA,DMSO(Vehicle)
FBR1H210062,RXB,Cetuximab
FBR1H210062,RXC,Cetuximab
FBR1H210062,RXD,DMSO(Vehicle)
FBR1H210064,RXA,DMSO(Vehicle)
FBR1H210064,RXB,Cetuximab
FBR1H210064,RXC,Cetuximab
FBR1H210064,RXD,DMSO(Vehicle)
FBR1H210067,RXA,DMSO(Vehicle)
FBR1H210067,RXB,Cisplatin_Cmax
FBR1H210067,RXC,Cetuximab
FBR1H210067,RXD,DMSO(Vehicle)
FBR1H210067,RXE,Cetuximab
FBR1H210067,RXF,LPS
FBR1H210073,RXA,DMSO(Vehicle)
FBR1H210073,RXB,Cisplatin_Cmax
FBR1H210073,RXC,Cetuximab
FBR1H210073,RXD,DMSO(Vehicle)
FBR1H210073,RXE,Cetuximab
FBR1H210073,RXF,LPS
FBR1H210074,RXA,DMSO(Vehicle)
FBR1H210074,RXB,Cisplatin_Cmax
FBR1H210074,RXC,Cetuximab
FBR1H210074,RXD,DMSO(Vehicle)
FBR1H210074,RXE,Cetuximab
FBR1H210074,RXF,LPS
FBR1H210111,RXA,DMSO(Vehicle)
FBR1H210111,RXB,Cisplatin_Low dose
FBR1H210111,RXC,Cisplatin_Low dose + Docetaxel
FBR1H210111,RXD,Cisplatin_Low dose + Docetaxel + Cetuximab
FBR1H210113,RXA,DMSO(Vehicle)
FBR1H210113,RXB,Cisplatin_Low dose
FBR1H210113,RXC,Cisplatin_Low dose + Docetaxel
FBR1H210113,RXD,Cisplatin_Low dose + Docetaxel + Cetuximab
FBR1H210113,RXE,Cisplatin_Cmax
FBR1H210114,RXA,DMSO(Vehicle)
FBR1H210114,RXB,Cisplatin_Cmax
FBR1H210114,RXC,Cisplatin_Cmax + Docetaxel
FBR1H210114,RXD,Cisplatin_Cmax + Docetaxel + Cetuximab
FBR1H210114,RXE,Cisplatin_Low dose
FBR1H210116,RXA,DMSO(Vehicle)
FBR1H210116,RXB,Cisplatin_Cmax
FBR1H210116,RXC,Cisplatin_Cmax + Docetaxel
FBR1H210116,RXD,Cisplatin_Cmax + Docetaxel + Cetuximab
FBR1H210116,RXE,Cisplatin_Low dose
FBR1H210117,RXA,DMSO(Vehicle)
FBR1H210117,RXB,Cisplatin_Cmax
FBR1H210117,RXC,Cisplatin_Cmax + Docetaxel
FBR1H210117,RXD,Cisplatin_Cmax + Docetaxel + Cetuximab
FBR1H210117,RXE,Cisplatin_Low dose
FBR1H210118,RXA,DMSO(Vehicle)
FBR1H210118,RXB,Cisplatin_Cmax
FBR1H210118,RXC,Cisplatin_Cmax + Docetaxel
FBR1H210118,RXD,Cisplatin_Cmax + Docetaxel + Cetuximab
FBR1H210118,RXE,Cisplatin_Low dose
FBR1H210121,RXA,DMSO(Vehicle)
FBR1H210121,RXB,Cisplatin_Cmax
FBR1H210121,RXC,Cisplatin_Cmax + Docetaxel
FBR1H210121,RXD,Cisplatin_Cmax + Docetaxel + Cetuximab
FBR1H210121,RXE,Cisplatin_Low dose
FBR1H210121,RXA,DMSO(Vehicle)
FBR1H210121,RXB,Cisplatin_Low dose
FBR1H210121,RXC,Cisplatin_Low dose + Docetaxel
FBR1H210121,RXD,Cisplatin_Low dose + Docetaxel + Cetuximab
FBR1H210121,RXE,Cisplatin_Cmax
FBR1H210123,RXA,DMSO(Vehicle)
FBR1H210123,RXB,Cisplatin_Cmax
FBR1H210123,RXC,Cetuximab
FBR1H210123,RXD,DMSO(Vehicle)
FBR1H210123,RXE,Cetuximab
FBR1H210123,RXA,DMSO(Vehicle)
FBR1H210123,RXB,Cisplatin_Low dose
FBR1H210123,RXC,Cetuximab
FBR1H210123,RXD,DMSO(Vehicle)
FBR1H210123,RXE,Cetuximab
FBR1H210127,RXA,DMSO(Vehicle)
FBR1H210127,RXB,Cisplatin_Cmax
FBR1H210127,RXC,Cetuximab
FBR1H210127,RXD,DMSO(Vehicle)
FBR1H210127,RXE,Cetuximab
FBR1H210131,RXA,DMSO(Vehicle)
FBR1H210131,RXB,Cisplatin_Cmax
FBR1H210131,RXC,Cisplatin_Cmax + Docetaxel
FBR1H210131,RXD,Cisplatin_Cmax + Docetaxel + Cetuximab
FBR1H210131,RXE,Cisplatin_Low dose
FBR1H210133,RXA,DMSO(Vehicle)
FBR1H210133,RXB,Cisplatin_Cmax
FBR1H210133,RXC,Cisplatin_Cmax + Docetaxel
FBR1H210133,RXD,Cisplatin_Cmax + Docetaxel + Cetuximab
FBR1H210133,RXE,Cisplatin_Low dose
FBR1J210077,RXA,Control
FBR1J210077,RXB,Anti-CD3
FBR1J210077,RXC,5FU + Cisplatin_Cmax
FBR1J210077,RXD,Control
FBR1J210077,RXE,Anti-CD3
FBR1J210077,RXF,5FU + Cisplatin_Cmax
FBR1J210077,RXG,Control
FBR1J210077,RXH,Anti-CD3
FBR1J210077,RXI,5FU + Cisplatin_Cmax
FBR1J210107,RXD,Control
FBR1J210107,RXE,Anti-CD3 + IL2
FBR1J210107,RXJ,Nivolumab_Cmax + Ipilimumab
FBR1J210107,RXG,Control
FBR1K210078,RXA,IgG4
FBR1K210078,RXB,Nivolumab_Cmax
FBR1K210078,RXC,Nivolumab_Cmax + Ipilimumab
FBR1K210079,RXA,IgG4
FBR1K210079,RXB,Nivolumab_Cmax
FBR1K210079,RXC,Nivolumab_Cmax + Ipilimumab
FBR1K210091,RXA,IgG4
FBR1K210091,RXB,Nivolumab_Cmax
FBR1K210091,RXC,Nivolumab_Cmax + Ipilimumab
FBR1K210093,RXA,IgG4
FBR1K210093,RXB,Nivolumab_Cmax
FBR1K210093,RXC,Nivolumab_Cmax + Ipilimumab
FBR1K210100,RXA,IgG4
FBR1K210100,RXB,Nivolumab_Cmax
FBR1K210100,RXC,Nivolumab_Cmax + Ipilimumab
FBR1K210102,RXA,IgG4
FBR1K210102,RXB,Nivolumab_Cmax
FBR1K210102,RXC,Nivolumab_Cmax + Ipilimumab
FBR1K210108,RXA,IgG4
FBR1K210108,RXB,Nivolumab_Cmax
FBR1K210108,RXC,Nivolumab_Cmax + Ipilimumab
FBR1K210109,RXA,IgG4
FBR1K210109,RXC,Nivolumab_Cmax + Ipilimumab
FBR1K210111,RXA,IgG4
FBR1K210111,RXB,Nivolumab_Cmax
FBR1K210111,RXC,Nivolumab_Cmax + Ipilimumab
FBR1L210154,RXA,IgG4
FBR1L210154,RXB,Nivolumab_Cmax
FBR1L210154,RXC,Anti-CD3 + IL2
FBR1L210194,RXA,Control
FBR1L210194,RXB,Anti-CD3 + IL2
FBR1L210194,RXC,Nivolumab_Cmax
FBR1L210194,RXD,IgG4
FBR1M210196,RXA,IgG4
FBR1M210196,RXB,Nivolumab_Cmax
FBR1M210196,RXC,Anti-CD3 + IL2
FBR1M210196,RXD,LPS
FBR1M210202,RXA,IgG4
FBR1M210202,RXB,Nivolumab_Cmax
FBR1M210202,RXC,Anti-CD3 + IL2
FBR1M210202,RXD,Sunitinib + Nivolumab_Cmax
FBR1M210202,RXE,LPS
FBR210001,RXA,IgG4
FBR210001,RXB,Nivolumab_Cmax
FBR210001,RXC,Ipilimumab
FBR210001,RXD,Nivolumab_Cmax + Ipilimumab
FBR210001,RXE,IgG1
FBR210002,RXA,IgG4
FBR210002,RXB,Nivolumab_Cmax
FBR210002,RXC,Ipilimumab
FBR210002,RXD,Nivolumab_Cmax + Ipilimumab
FBR210002,RXE,IgG1
FBR210005,RXA,IgG4
FBR210005,RXB,Nivolumab_Cmax
FBR210005,RXC,Ipilimumab
FBR210005,RXD,Nivolumab_Cmax + Ipilimumab
FBR210005,RXE,IgG1
FBR210006,RXA,IgG4
FBR210006,RXB,Nivolumab_Cmax
FBR210006,RXC,Ipilimumab
FBR210006,RXD,Nivolumab_Cmax + Ipilimumab
FBR210006,RXE,IgG1
FBR1L210148,RXA,Control
FBR1L210148,RXB,Anti-CD3 + IL2
FBR1L210150,RXA,IgG4
FBR1L210150,RXB,Anti-CD3 + IL2
FBR1L210150,RXC,Nivolumab_Cmax
FBR1L210178,RXA,Control
FBR1L210178,RXB,Anti-CD3 + IL2
FBR1L210178,RXC,Control
FBR1L210178,RXD,Anti-CD3 + IL2
FBR1L210180,RXA,Control
FBR1L210180,RXB,Anti-CD3 + IL2
FBR1L210180,RXC,Control
FBR1L210180,RXD,Anti-CD3 + IL2
FBR1T210144,RXA,Control
FBR1T210144,RXB,Cisplatin_Cmax
FBR1T210144,RXC,5FU + Docetaxel + Cisplatin_Cmax
FBR1J220002,RXA,Control
FBR1J220002,RXB,Anti-CD3 + IL2
FBR1J220002,RXC,Nivolumab_Cmax
FBR1J220018,RXA,Control
FBR1J220018,RXB,Anti-CD3 + IL2
FBR1J220018,RXC,LPS
FBR1J220018,RXD,Control
FBR1J220018,RXE,Control
FBR1J220030,RXA,Control
FBR1J220030,RXB,Anti-CD3 + IL2
FBR1J220030,RXC,LPS
FBR1J220030,RXA,Control
FBR1J220030,RXA,Control
FBR1J220031,RXA,Control
FBR1J220031,RXB,Anti-CD3 + IL2
FBR1J220031,RXC,LPS
FBR1J220037,RXA,Control
FBR1J220037,RXB,Anti-CD3
FBR1J220037,RXC,LPS
FBR1J220050,RXA,Control
FBR1J220050,RXB,Anti-CD3 + IL2
FBR1J220050,RXC,LPS
FBR1J220050,RXD,Control
FBR1J220050,RXE,Anti-CD3 + IL2
FBR1J220050,RXF,LPS
FBR1J220053,RXA,Control
FBR1J220053,RXB,Anti-CD3
FBR1J220053,RXC,Control
FBR1J220055,RXA,Control
FBR1J220055,RXB,Anti-CD3 + IL2
FBR1J220055,RXC,IL2
FBR1J220056,RXA,Control
FBR1J220056,RXB,Anti-CD3
FBR1J220056,RXC,LPS
FBR1K220008,RXA,IgG4
FBR1K220008,RXB,Nivolumab_Cmax
FBR1K220008,RXC,Nivolumab_Cmax + Ipilimumab
FBR1K220008,RXD,Ipilimumab
FBR1K220012,RXA,IgG4
FBR1K220012,RXB,Nivolumab_Cmax
FBR1K220012,RXC,Nivolumab_Cmax + Sunitinib
FBR1K220012,RXD,LPS
FBR1K220013,RXA,IgG4
FBR1K220013,RXB,Nivolumab_Cmax
FBR1K220013,RXC,Nivolumab_Cmax + Ipilimumab
FBR1K220013,RXD,Ipilimumab
FBR1K220016,RXA,IgG4
FBR1K220016,RXB,Nivolumab_Cmax
FBR1K220016,RXC,Nivolumab_Cmax + Ipilimumab
FBR1K220024,RXA,IgG4
FBR1K220024,RXB,Nivolumab_Cmax
FBR1K220024,RXC,Nivolumab_Cmax + Ipilimumab
FBR1K220024,RXD,Ipilimumab
FBR1K220025,RXA,IgG4
FBR1K220025,RXB,Nivolumab_Cmax
FBR1K220025,RXC,Nivolumab_Cmax + Ipilimumab
FBR1K220025,RXD,Ipilimumab
FBR1K220026,RXA,IgG4
FBR1K220026,RXB,Nivolumab_Cmax
FBR1K220026,RXC,Nivolumab_Cmax + Ipilimumab
FBR1K220026,RXD,Ipilimumab
FBR1K220033,RXA,Control
FBR1K220033,RXB,Anti-CD3 + IL2
FBR1K220042,RXA,IgG4
FBR1K220042,RXB,Nivolumab_Cmax
FBR1K220042,RXC,Nivolumab_Cmax + Ipilimumab
FBR1K220042,RXD,Ipilimumab
FBR1K220043,RXA,IgG4
FBR1K220043,RXB,Nivolumab_Cmax
FBR1K220043,RXC,Nivolumab_Cmax + Ipilimumab
FBR1K220047,RXA,IgG4
FBR1K220047,RXB,Nivolumab_Cmax
FBR1K220047,RXC,Nivolumab_Cmax + Ipilimumab
FBR1K220049,RXA,IgG4
FBR1K220049,RXB,Nivolumab_Cmax
FBR1K220049,RXC,Nivolumab_Cmax + Ipilimumab
FBR1K220057,RXA,IgG4
FBR1K220057,RXB,Nivolumab_Cmax
FBR1K220057,RXC,Nivolumab_Cmax + Ipilimumab
FBR1K220068,RXA,IgG4
FBR1K220068,RXB,Nivolumab_Cmax
FBR1K220068,RXC,Nivolumab_Cmax + Ipilimumab
FBR1K220073,RXA,Control
FBR1K220073,RXB,Nivolumab_Cmax
FBR1K220073,RXC,Nivolumab_Cmax + Ipilimumab
FBR1K220074,RXA,Control
FBR1K220074,RXB,Nivolumab_Cmax
FBR1K220084,RXA,IgG4
FBR1K220084,RXB,Nivolumab_Cmax
FBR1K220084,RXC,Nivolumab_Cmax + Ipilimumab
FBR1K220085,RXA,IgG4
FBR1K220085,RXB,Nivolumab_Cmax
FBR1K220085,RXC,Nivolumab_Cmax + Ipilimumab
FBR1K220085,RXD,Ipilimumab
FBR1K220086,RXA,IgG4
FBR1K220086,RXB,Nivolumab_Cmax
FBR1K220086,RXC,Nivolumab_Cmax + Ipilimumab
FBR1K220100,RXA,IgG4
FBR1K220100,RXB,Nivolumab_Cmax
FBR1K220102,RXA,IgG4
FBR1K220102,RXB,Nivolumab_Cmax
FBR1K220102,RXC,Nivolumab_Cmax + Ipilimumab
FBR1K220102,RXD,Ipilimumab
FBR1K220103,RXA,IgG4
FBR1K220103,RXB,Nivolumab_Cmax
FBR1K220103,RXC,Nivolumab_Cmax + Ipilimumab
FBR1K220103,RXD,Ipilimumab
FBR1K220104,RXA,IgG4
FBR1K220104,RXB,Nivolumab_Cmax
FBR1K220104,RXC,Nivolumab_Cmax + Ipilimumab
FBR1K220113,RXA,IgG4
FBR1K220113,RXB,Nivolumab_Cmax
FBR1K220114,RXA,IgG4
FBR1K220114,RXB,Nivolumab_Cmax
FBR1K220114,RXC,Nivolumab_Cmax + IL2
FBR1K220115,RXA,IgG4
FBR1K220115,RXB,Nivolumab_Cmax
FBR1K220115,RXC,Nivolumab_Cmax + IL2
FBR1K220118,RXA,IgG4
FBR1K220118,RXB,Nivolumab_Cmax
FBR1K220118,RXC,Nivolumab_Cmax + Ipilimumab
FBR1K220118,RXD,Ipilimumab
FBR1K220121,RXA,IgG4
FBR1K220121,RXB,Nivolumab_Cmax
FBR1K220121,RXC,Nivolumab_Cmax + Ipilimumab
FBR1K220122,RXA,IgG4
FBR1K220122,RXB,Nivolumab_Cmax
FBR1K220122,RXC,Nivolumab_Cmax + Ipilimumab
FBR1K220194,RXA,Control
FBR1K220194,RXB,Nivolumab_Cmax
FBR1M220011,RXA,IgG4
FBR1M220011,RXB,Nivolumab_Cmax
FBR1M220011,RXC,Nivolumab_Cmax + Sunitinib
FBR1M220011,RXD,LPS
FBR1M220045,RXA,Control
FBR1M220045,RXB,Nivolumab_Cmax
FBR1M220045,RXC,Sunitinib + Nivolumab_Cmax
FBR1M220045,RXD,Anti-CD3
FBR1M220045,RXE,LPS
FBR1M220130,RXA,IgG4
FBR1M220130,RXB,Nivolumab_Cmax
FBR1M220130,RXC,Nivolumab_Cmax + Sunitinib
FBR1M220130,RXD,Sunitinib
FBR1M220130,RXE,Anti-CD3 + IL2
FBR1M220130,RXF,LPS
FBR1M220223,RXA,Control
FBR1M220223,RXB,Sunitinib
FBR1M220223,RXC,Nivolumab_Cmax + Sunitinib
FBR1M220223,RXD,Sorafenib
FBR1M220233,RXA,Control
FBR1M220233,RXB,Sunitinib
FBR1M220233,RXC,Nivolumab_Cmax + Sunitinib
FBR1M220233,RXD,Sorafenib
FBR1M220261,RXA,Control
FBR1M220261,RXB,Sunitinib
FBR1M220261,RXC,Nivolumab_Cmax + Sunitinib
FBR1M220261,RXD,Sorafenib
FBR1M220261,RXE,Pazopanib
FBR1Q220168,RXA,Control
FBR1Q220168,RXB,Anti-CD3 + IL2
FBR1Q220168,RXC,LPS
FBR1Q220168,RXA,Control
FBR1Q220168,RXB,IL2 + Anti-CD3
FBR1Q220168,RXC,LPS
FBR1R220215,RXA,Control
FBR1R220215,RXB,Nivolumab_Cmax
FBR1R220215,RXC,Control
FBR1R220215,RXD,Nivolumab_Cmax
FBR1R220236,RXA,Control
FBR1R220236,RXB,Cisplatin_Cmax
FBR1R220236,RXC,5FU + Docetaxel + Cisplatin_Cmax
FBR1R220238,RXA,Control
FBR1R220238,RXB,Cisplatin_Cmax
FBR1R220238,RXC,5FU + Docetaxel + Cisplatin_Cmax
FBR1S220127,RXA,IgG4
FBR1S220127,RXB,Pembrolizumab_Cmax
FBR1S220127,RXC,Pembrolizumab_Cmax/2
FBR1S220127,RXE,Nivolumab_Cmax
FBR1S220128,RXA,IgG4
FBR1S220128,RXB,Pembrolizumab_Cmax
FBR1S220128,RXC,Pembrolizumab_Cmax/2
FBR1S220128,RXD,Pembrolizumab_Cmax/4
FBR1S220128,RXE,Nivolumab_Cmax
FBR1S220129,RXA,IgG4
FBR1S220129,RXB,Pembrolizumab_Cmax
FBR1S220129,RXC,Pembrolizumab_Cmax/2
FBR1S220129,RXD,Pembrolizumab_Cmax/4
FBR1S220129,RXE,Nivolumab_Cmax
FBR1S220131,RXA,IgG4
FBR1S220131,RXB,Pembrolizumab_Cmax
FBR1S220131,RXC,Pembrolizumab_Cmax/2
FBR1S220131,RXD,Pembrolizumab_Cmax/4
FBR1S220131,RXE,Nivolumab_Cmax
FBR1S220137,RXA,IgG4
FBR1S220137,RXB,Pembrolizumab_Cmax/2
FBR1S220137,RXC,Nivolumab_Cmax
FBR1S220138,RXA,IgG4
FBR1S220138,RXB,Pembrolizumab_Cmax/2
FBR1S220138,RXC,Nivolumab_Cmax
FBR1S220140,RXA,IgG4
FBR1S220140,RXB,Pembrolizumab_Cmax/2
FBR1S220140,RXC,Nivolumab_Cmax
FBR1S220144,RXA,IgG4
FBR1S220144,RXB,Pembrolizumab_Cmax/2
FBR1S220144,RXC,Nivolumab_Cmax
FBR1S220147,RXA,IgG4
FBR1S220147,RXB,Pembrolizumab_Cmax/2
FBR1S220147,RXC,Nivolumab_Cmax
FBR1S220148,RXA,IgG4
FBR1S220148,RXB,Pembrolizumab_Cmax
FBR1S220148,RXC,Nivolumab_Cmax
FBR1S220215,RXA,IgG4
FBR1S220215,RXB,Pembrolizumab_Cmax/2
FBR1S220215,RXC,Nivolumab_Cmax
FBR1S220218,RXA,IgG4
FBR1S220218,RXB,Pembrolizumab_Cmax/2
FBR1S220218,RXC,Nivolumab_Cmax
FBR1S220220,RXA,IgG4
FBR1S220220,RXB,Pembrolizumab_Cmax/2
FBR1S220220,RXC,Nivolumab_Cmax
FBR1S220221,RXA,IgG4
FBR1S220221,RXB,Pembrolizumab_Cmax/2
FBR1S220221,RXC,Nivolumab_Cmax
FBR1S220225,RXA,IgG4
FBR1S220225,RXB,Pembrolizumab_Cmax/2
FBR1S220225,RXC,Nivolumab_Cmax
FBR1T220169,RXA,Control
FBR1T220169,RXB,Cisplatin_Cmax
FBR1T220169,RXC,Cisplatin_Cmax
FBR1T220169,RXD,Cisplatin_Cmax + Docetaxel + 5FU
FBR1T220173,RXA,Control
FBR1T220173,RXB,Cisplatin_Cmax
FBR1T220173,RXC,5FU + Docetaxel + Cisplatin_Cmax
FBR1T220175,RXA,Control
FBR1T220175,RXB,Cisplatin_Cmax
FBR1T220175,RXC,5FU + Docetaxel + Cisplatin_Cmax
FBR1T220177,RXA,Control
FBR1T220177,RXB,Cisplatin_Cmax
FBR1T220177,RXC,5FU + Docetaxel + Cisplatin_Cmax
FBR1T220179,RXA,Control
FBR1T220179,RXB,Cisplatin_Cmax
FBR1T220179,RXC,5FU + Docetaxel + Cisplatin_Cmax
FBR1T220180,RXA,Control
FBR1T220180,RXB,Cisplatin_Cmax
FBR1T220180,RXC,5FU + Docetaxel + Cisplatin_Cmax
FBR1T220181,RXA,Control
FBR1T220181,RXB,Cisplatin_Cmax
FBR1T220181,RXC,5FU + Docetaxel + Cisplatin_Cmax
FBR1T220259,RXA,Control
FBR1T220259,RXB,Paclitaxel + Carboplatin
FBR1T220259,RXC,Gemcitabine + Carboplatin
FBR1T220263,RXA,Control
FBR1T220263,RXB,Cisplatin_Cmax
FBR1T220263,RXC,5FU + Docetaxel + Cisplatin_Cmax
FBR1T220268,RXA,Control
FBR1T220268,RXB,Cisplatin_Cmax
FBR1T220268,RXC,Cisplatin_Cmax + 5FU + Docetaxel
FBR1U220237,RXA,Control
FBR1U220237,RXB,Anti-CD3
FBR1U220237,RXC,Cisplatin_Cmax
FBR1M220080,RXA,IgG4
FBR1M220080,RXB,Nivolumab_Cmax
FBR1M220080,RXC,Nivolumab_Cmax + Sunitinib
FBR1M220092,RXA,IgG4
FBR1M220092,RXB,Nivolumab_Cmax
FBR1M220092,RXC,Nivolumab_Cmax + Sunitinib
FBR1M220099,RXA,IgG4
FBR1M220099,RXB,Nivolumab_Cmax
FBR1M220099,RXC,Nivolumab_Cmax + Sunitinib
FBR1M220101,RXA,IgG4
FBR1M220101,RXB,Nivolumab_Cmax
FBR1M220101,RXC,Nivolumab_Cmax + Sunitinib
FBR1T220257,RXA,Control
FBR1T220257,RXB,Cisplatin_Cmax
FBR1T220257,RXC,Cetuximab
FBR1T220262,RXA,IgG4
FBR1T220262,RXB,Cisplatin_Cmax
FBR1T220262,RXC,Nivolumab_Cmax
FBR1T220262,RXD,Nivolumab_Cmax + Ipilimumab
FBR1M220136,RXA,IgG4
FBR1M220136,RXB,Nivolumab_Cmax
FBR1M220136,RXC,Nivolumab_Cmax + Sunitinib
FBR1M220142,RXA,IgG4
FBR1M220142,RXB,Nivolumab_Cmax
FBR1M220142,RXC,Nivolumab_Cmax + Sunitinib
FBR1T220264,RXA,Mafosamide Cyclohexyamine
FBR1T220264,RXB,Cisplatin_Cmax + 5FU
FBR1T220264,RXC,Gemcitabine
FBR1T220264,RXD,Paclitaxel
FBR1T220254,RXA,Control
FBR1T220254,RXA,Control
FBR1T220254,RXB,Cisplatin_Cmax
FBR1T220254,RXC,Cetuximab
FBR1T220254,RXA,Control
FBR1T220254,RXB,Cisplatin_Cmax
FBR1T220254,RXC,Cetuximab
FBR1A220109,RXA,Control
FBR1A220109,RXB,Anti-CD3
FBR1A220109,RXC,Carboplatin
FBR1A220109,RXD,LPS
FBR1A220164,RXA,Control
FBR1A220164,RXB,Anti-CD3 + IL2
FBR1A220164,RXC,Paclitaxel
FBR1A220164,RXD,Carboplatin + Docetaxel
FBR1A220164,RXE,Cisplatin_Cmax
FBR1A220164,RXF,LPS
FBR1A220184,RXA,Control
FBR1A220184,RXB,Anti-CD3 + IL2
FBR1A220184,RXC,Paclitaxel
FBR1A220184,RXD,Carboplatin + Docetaxel
FBR1A220184,RXE,Cisplatin_Cmax
FBR1A220184,RXF,LPS
FBR1A220226,RXA,Control
FBR1A220226,RXB,Anti-CD3 + IL2
FBR1A220226,RXC,Paclitaxel
FBR1A220226,RXD,Carboplatin + Docetaxel
FBR1A220226,RXE,Cisplatin_Cmax
FBR1A220226,RXF,Nivolumab_Cmax
FBR1A220226,RXG,LPS
FBR1A220270,RXA,Control
FBR1A220270,RXB,Control
FBR1A220270,RXC,Paclitaxel + Carboplatin
FBR1A220270,RXD,Anti-CD3 + IL2
FBR1Q220178,RXA,Control
FBR1Q220178,RXB,Anti-CD3 + IL2
FBR1Q220178,RXC,LPS
FBR1Q220178,RXA,Control
FBR1Q220178,RXB,IL2 + Anti-CD3
FBR1Q220178,RXC,LPS
FBR1R220052,RXA,Control
FBR1R220052,RXB,Nivolumab_Cmax
FBR1R220052,RXC,Control
FBR1R220052,RXD,Nivolumab_Cmax
FBR1R220057,RXA,Control
FBR1R220057,RXB,Nivolumab_Cmax
FBR1R220057,RXC,Control
FBR1R220057,RXD,Nivolumab_Cmax
FBR1R220062,RXA,Control
FBR1R220062,RXB,Nivolumab_Cmax
FBR1R220062,RXC,Control
FBR1R220062,RXD,Nivolumab_Cmax
FBR1R220069,RXA,Control
FBR1R220069,RXB,Nivolumab_Cmax
FBR1R220069,RXC,Control
FBR1R220069,RXD,Nivolumab_Cmax
FBR1R220069,RXE,Anti-CD3 + IL2
FBR1R220069,RXF,Anti-CD3 + IL2
FBR1R220069,RXG,LPS
FBR1R220069,RXH,LPS
FBR1R220070,RXA,Control
FBR1R220070,RXB,Nivolumab_Cmax
FBR1R220070,RXC,Control
FBR1R220070,RXD,Nivolumab_Cmax
FBR1R220070,RXE,Anti-CD3 + IL2
FBR1R220070,RXF,Anti-CD3 + IL2
FBR1R220070,RXG,LPS
FBR1R220070,RXH,LPS
FBR1R220119,RXA,Control
FBR1R220119,RXB,Anti-CD3 + IL2
FBR1R220112,RXA,Control
FBR1R220112,RXB,Anti-CD3 + IL2
FBR1R220121,RXA,Control
FBR1R220121,RXB,Anti-CD3
FBR1R220165,RXA,Control
FBR1R220165,RXB,Anti-CD3 + IL2
FBR1R220129,RXA,Control
FBR1R220129,RXB,Anti-CD3 + IL2
FBR1R220129,RXC,LPS
FBR1R220176,RXA,Control
FBR1R220176,RXB,Anti-CD3 + IL2
FBR1R220176,RXC,LPS
FBR1R220225,RXA,Control
FBR1R220225,RXB,Cisplatin_Cmax
FBR1R220225,RXC,Cisplatin_Cmax + 5FU + Docetaxel
FBR1R220254,RXA,Control
FBR1R220254,RXB,Cisplatin_Cmax
FBR1R220254,RXC,Cetuximab
FBR1R220268,RXA,Control
FBR1R220268,RXB,Cisplatin_Cmax
FBR1R220269,RXA,Control
FBR1R220269,RXB,Cisplatin_Cmax
FBR1M220216,RXA,Control
FBR1M220216,RXB,Nivolumab_Cmax
FBR1M220216,RXC,Nivolumab_Cmax + Sunitinib
FBR1M220216,RXD,Sunitinib
FBR1M220217,RXA,Control
FBR1M220217,RXB,Nivolumab_Cmax
FBR1M220217,RXC,Nivolumab_Cmax + Sunitinib
FBR1M220217,RXD,Sunitinib
FBR1M220224,RXA,Control
FBR1M220224,RXB,Sunitinib
FBR1M220244,RXA,Control
FBR1M220244,RXB,Sunitinib
FBR1M220244,RXC,Nivolumab_Cmax + Sunitinib
FBR1M220244,RXD,Sorafenib
FBR1T220256,RXA,Control
FBR1T220256,RXA,Control
FBR1T220256,RXB,Paclitaxel + Carboplatin
FBR1T220256,RXC,Gemcitabine + Carboplatin
FBR1T220253,RXA,Control
FBR1T220253,RXB,Paclitaxel + Carboplatin
FBR1T220253,RXC,Gemcitabine + Carboplatin
FBR1V220264,RXA,Control
FBR1V220264,RXC,Control
FBR1V220264,RXE,Control
FBR1V220264,RXB,Anti-CD3 + IL2
FBR1V220264,RXD,Anti-CD3 + IL2
FBR1V220264,RXF,Anti-CD3 + IL2
FBR1V220258,RXA,Control
FBR1V220258,RXC,Control
FBR1V220258,RXE,Control
FBR1V220258,RXB,Anti-CD3 + IL2
FBR1V220258,RXD,Anti-CD3 + IL2
FBR1V220258,RXF,Anti-CD3 + IL2
FBR1V220250,RXA,Control
FBR1V220250,RXC,Control
FBR1V220250,RXE,Control
FBR1V220250,RXB,Anti-CD3 + IL2
FBR1V220250,RXD,Anti-CD3 + IL2
FBR1V220250,RXF,Anti-CD3 + IL2
FBR1V220247,RXA,Control
FBR1V220247,RXC,Control
FBR1V220247,RXE,Control
FBR1V220247,RXB,Anti-CD3 + IL2
FBR1V220247,RXD,Anti-CD3 + IL2
FBR1V220247,RXF,Anti-CD3 + IL2
FBR1V220245,RXA,Control
FBR1V220245,RXC,Control
FBR1V220245,RXE,Control
FBR1V220245,RXB,Anti-CD3 + IL2
FBR1V220245,RXD,Anti-CD3 + IL2
FBR1V220245,RXF,Anti-CD3 + IL2
FBR1U220263,RXA,Control
FBR1U220263,RXB,Cisplatin_Cmax
FBR1S220126,RXA,IgG4
FBR1S220126,RXB,Pembrolizumab_Cmax
FBR1S220126,RXC,Pembrolizumab_Cmax/2
FBR1S220126,RXD,Pembrolizumab_Cmax/4
FBR1S220126,RXE,Nivolumab_Cmax
FBR1S220132,RXA,IgG4
FBR1S220132,RXB,Pembrolizumab_Cmax
FBR1S220132,RXC,Pembrolizumab_Cmax/2
FBR1S220132,RXD,Pembrolizumab_Cmax/4
FBR1S220132,RXE,Nivolumab_Cmax
FBR1S220132,RXA,Control
FBR1S220132,RXB,Cisplatin_Cmax
FBR1S220132,RXC,5FU + Cisplatin_Cmax + Docetaxel
FBR1S220139,RXA,IgG4
FBR1S220139,RXB,Pembrolizumab_Cmax/2
FBR1S220139,RXC,Nivolumab_Cmax
FBR1S220141,RXA,IgG4
FBR1S220141,RXB,Pembrolizumab_Cmax/2
FBR1S220141,RXC,Nivolumab_Cmax
FBR1S220150,RXA,IgG4
FBR1S220150,RXB,Pembrolizumab_Cmax/2
FBR1S220149,RXA,IgG4
FBR1S220149,RXB,Pembrolizumab_Cmax/2
FBR1S220151,RXA,IgG4
FBR1S220151,RXB,Pembrolizumab_Cmax/2
FBR1S220154,RXA,IgG4
FBR1S220154,RXB,Pembrolizumab_Cmax/2
FBR1S220155,RXA,IgG4
FBR1S220155,RXB,Pembrolizumab_Cmax/2
FBR1S220156,RXA,IgG4
FBR1S220156,RXB,Pembrolizumab_Cmax/2
FBR1S220156,RXC,Nivolumab_Cmax
FBR1S220156,RXD,Control
FBR1S220167,RXA,IgG4
FBR1S220167,RXB,Pembrolizumab_Cmax/2
FBR1S220169,RXA,IgG4
FBR1S220169,RXB,Pembrolizumab_Cmax
FBR1S220170,RXA,IgG4
FBR1S220170,RXB,Pembrolizumab_Cmax/2
FBR1S220173,RXA,IgG4
FBR1S220173,RXB,Pembrolizumab_Cmax/2
FBR1T220141,RXA,Control
FBR1T220141,RXB,Cisplatin_Low dose
FBR1T220141,RXC,5FU + Cisplatin_Cmax + Docetaxel
FBR1T220148,RXA,Control
FBR1T220148,RXB,Cisplatin_Low dose
FBR1T220148,RXC,5FU + Cisplatin_Cmax + Docetaxel
FBR1T220150,RXA,Control
FBR1T220150,RXB,Cisplatin_Low dose
FBR1T220150,RXC,Cisplatin_Cmax
FBR1T220150,RXD,5FU + Cisplatin_Cmax + Docetaxel
FBR1T220151,RXA,Control
FBR1T220151,RXB,Cisplatin_Low dose
FBR1T220151,RXC,Cisplatin_Cmax
FBR1T220171,RXA,Control
FBR1T220171,RXB,Cisplatin_Low dose
FBR1T220171,RXC,Cisplatin_Cmax
FBR1T220171,RXD,5FU + Cisplatin_Cmax + Docetaxel
FBR1T220172,RXA,Control
FBR1T220172,RXB,Cisplatin_Low dose
FBR1T220172,RXC,Cisplatin_Cmax
FBR1T220172,RXD,5FU + Cisplatin_Cmax + Docetaxel
FBR1T220176,RXA,Control
FBR1T220176,RXB,Cisplatin_Cmax
FBR1T220176,RXC,5FU + Cisplatin_Cmax + Docetaxel
FBR1T220185,RXA,Control
FBR1T220185,RXB,Cisplatin_Cmax
FBR1T220185,RXC,5FU + Cisplatin_Cmax + Docetaxel
FBR1T220186,RXA,Control
FBR1T220186,RXB,Cisplatin_Cmax
FBR1T220186,RXC,5FU + Cisplatin_Cmax + Docetaxel
FBR1T220188,RXA,Control
FBR1T220188,RXB,Cisplatin_Cmax
FBR1T220188,RXC,5FU + Cisplatin_Cmax + Docetaxel
FBR1T220189,RXA,Control
FBR1T220189,RXB,Cisplatin_Cmax
FBR1T220189,RXC,5FU + Cisplatin_Cmax + Docetaxel
FBR1T220192,RXA,Control
FBR1T220192,RXB,Cisplatin_Cmax
FBR1T220192,RXC,5FU + Cisplatin_Cmax + Docetaxel
FBR1T220193,RXA,Control
FBR1T220193,RXB,5FU + Cisplatin_Cmax
FBR1T220193,RXD,Paclitaxel
FBR1T220193,RXA,IgG4
FBR1T220193,RXB,Nivolumab_Cmax
FBR1T220193,RXC,Nivolumab_Cmax
FBR1T220194,RXA,Control
FBR1T220194,RXB,5FU + Cisplatin_Cmax
FBR1T220194,RXD,Paclitaxel
FBR1T220215,RXA,Control
FBR1T220215,RXB,5FU + Cisplatin_Cmax
FBR1T220215,RXD,Paclitaxel
FBR1T220218,RXA,Control
FBR1T220218,RXB,5FU + Cisplatin_Cmax
FBR1T220218,RXC,Paclitaxel
FBR1T220219,RXA,Control
FBR1T220219,RXB,5FU + Cisplatin_Cmax
FBR1T220219,RXC,Paclitaxel
FBR1T220220,RXA,Control
FBR1T220220,RXB,5FU + Cisplatin_Cmax
FBR1T220220,RXC,Paclitaxel
FBR1T220221,RXA,Control
FBR1T220221,RXB,Cisplatin_Cmax
FBR1T220221,RXC,5FU + Cisplatin_Cmax + Docetaxel
FBR1T220222,RXA,Control
FBR1T220222,RXB,Cisplatin_Cmax
FBR1T220222,RXC,5FU + Cisplatin_Cmax + Docetaxel
FBR1T220222,RXD,Nivolumab_Cmax
FBR1T220225,RXA,Control
FBR1T220225,RXB,Cisplatin_Cmax
FBR1T220225,RXC,5FU + Cisplatin_Cmax + Docetaxel
FBR1T220235,RXA,Control
FBR1T220235,RXB,Cisplatin_Cmax
FBR1T220235,RXC,5FU + Cisplatin_Cmax + Docetaxel
FBR1T220236,RXA,Control
FBR1T220236,RXB,Cisplatin_Cmax
FBR1T220236,RXC,5FU + Cisplatin_Cmax + Docetaxel
FBR1T220236,RXD,Cetuximab
FBR1T220240,RXA,Control
FBR1T220240,RXB,Control
FBR1T220240,RXC,Cisplatin_Cmax
FBR1T220240,RXD,5FU + Cisplatin_Cmax + Docetaxel
FBR1T220237,RXA,Control
FBR1T220237,RXB,Cisplatin_Cmax
FBR1T220237,RXC,5FU + Cisplatin_Cmax + Docetaxel
FBR1T220237,RXD,Cetuximab
FBR1T220242,RXA,Control
FBR1T220242,RXA,Control
FBR1T220242,RXB,5FU + Cisplatin_Cmax
FBR1T220242,RXC,Paclitaxel
FBR1T220245,RXA,Control
FBR1T220245,RXB,5FU + Cisplatin_Cmax
FBR1T220245,RXC,Paclitaxel
FBR1T220247,RXA,Control
FBR1T220247,RXA,Control
FBR1T220247,RXB,5FU + Cisplatin_Cmax
FBR1T220247,RXC,Paclitaxel
FBR1T220250,RXA,Control
FBR1T220250,RXA,Control
FBR1T220250,RXB,Cisplatin_Cmax
FBR1T220250,RXC,5FU + Cisplatin_Cmax + Docetaxel
FBR1Q220110,RXA,Control
FBR1Q220110,RXB,IL2 + Anti-CD3
FBR1Q220110,RXC,LPS
FBR1Q220146,RXA,Control
FBR1Q220146,RXB,IL2 + Anti-CD3
FBR1Q220146,RXC,LPS
FBR1Q220159,RXA,Control
FBR1Q220159,RXB,IL2 + Anti-CD3
FBR1Q220159,RXC,LPS
FBR1T220251,RXA,Control
FBR1T220251,RXA,Control
FBR1T220251,RXB,Cisplatin_Cmax
FBR1T220251,RXC,Cisplatin_Cmax + Docetaxel + 5FU
FBR1T220147,RXA,Control
FBR1T220147,RXB,Cisplatin_Low dose
FBR1T220147,RXC,Cisplatin_Cmax
FBR1T220149,RXA,Control
FBR1T220149,RXB,Cisplatin_Low dose
FBR1T220149,RXC,Cisplatin_Cmax
FBR1T220149,RXD,Docetaxel + Cisplatin_Cmax + 5FU
FBR1T220154,RXA,Control
FBR1T220154,RXB,Cisplatin_Low dose
FBR1T220154,RXC,Cisplatin_Cmax
FBR1T220154,RXD,Docetaxel + Cisplatin_Cmax + 5FU
FBR1T220155,RXA,Control
FBR1T220155,RXB,Cisplatin_Low dose
FBR1T220155,RXC,Cisplatin_Cmax
FBR1T220155,RXD,Docetaxel + Cisplatin_Cmax + 5FU
FBR1T220255,RXA,Control
FBR1T220255,RXB,Cisplatin_Cmax
FBR1T220255,RXC,Docetaxel + Cisplatin_Cmax + 5FU
FBR1T220137,RXA,Control
FBR1T220137,RXB,Cisplatin_Cmax
FBR1T220137,RXC,Docetaxel + Cisplatin_Cmax + 5FU
FBR1T220138,RXA,Control
FBR1T220138,RXB,Cisplatin_Cmax
FBR1T220138,RXC,Docetaxel + Cisplatin_Cmax + 5FU
FBR1T220140,RXA,Control
FBR1T220140,RXB,Cisplatin_Cmax
FBR1T220140,RXC,Docetaxel + Cisplatin_Cmax + 5FU
FBR1A230031,RXA,Control
FBR1A230031,RXB,Control
FBR1A230031,RXC,Paclitaxel + Carboplatin
FBR1A230031,RXD,Anti-CD3 + IL2
FBR1A230124,RXA,Control
FBR1A230124,RXC,Paclitaxel + Carboplatin
FBR1M230013,RXA,Control
FBR1M230013,RXB,Sunitinib
FBR1M230076,RXA,Control
FBR1M230076,RXB,Sunitinib
FBR1M230076,RXC,Nivolumab_Cmax
FBR1M230076,RXD,Nivolumab_Cmax + Sunitinib
FBR1M230076,RXE,Pazopanib
FBR1M230076,RXF,Sorafenib
FBR1M230092,RXA,Control
FBR1M230092,RXB,Nivolumab_Cmax
FBR1M230092,RXC,Nivolumab_Cmax + Sunitinib
FBR1M230092,RXD,Sunitinib
FBR1M230092,RXG,Pazopanib
FBR1M230093,RXA,Control
FBR1M230093,RXB,Nivolumab_Cmax
FBR1M230093,RXC,Nivolumab_Cmax + Sunitinib
FBR1M230093,RXD,Sunitinib
FBR1M230093,RXG,Pazopanib
FBR1M230103,RXA,Control
FBR1M230103,RXD,Sunitinib
FBR1M230103,RXG,Pazopanib
FBR1M230103,RXB,Nivolumab_Cmax
FBR1M230103,RXC,Nivolumab_Cmax + Sunitinib
FBR1M230163,RXA,Control
FBR1M230163,RXD,Sunitinib
FBR1M230163,RXB,Nivolumab_Cmax
FBR1M230163,RXC,Nivolumab_Cmax + Sunitinib
FBR1M230171,RXA,Control
FBR1M230171,RXB,Nivolumab_Cmax
FBR1M230175,RXA,Control
FBR1M230175,RXB,Nivolumab_Cmax
FBR1M230175,RXC,Nivolumab_Cmax + Sunitinib
FBR1M230041,RXA,Control
FBR1M230041,RXB,Sunitinib
FBR1M230041,RXC,Sorafenib
FBR1M230041,RXD,Pazopanib
FBR1M230041,RXE,Nivolumab_Cmax + Sunitinib
FBR1Q230059,RXF,Control
FBR1Q230059,RXB,Control
FBR1Q230059,RXC,Adriamycin / Doxorubicin + Cyclophosphamide
FBR1Q230059,RXD,Paclitaxel
FBR1Q230081,RXA,Control
FBR1Q230081,RXB,Adriamycin / Doxorubicin + Cyclophosphamide
FBR1Q230081,RXC,Paclitaxel
FBR1Q230081,RXD,Nivolumab_Cmax
FBR1Q230095,RXA,Control
FBR1Q230095,RXB,Adriamycin / Doxorubicin + Paclitaxel
FBR1Q230095,RXC,Paclitaxel + Carboplatin
FBR1Q230095,RXL,Capecitabine
FBR1Q230095,RXM,Eribulin
FBR1Q230109,RXA,Control
FBR1Q230109,RXH,Cyclophosphamide + Adriamycin / Doxorubicin
FBR1Q230109,RXB,Paclitaxel
FBR1Q230109,RXK,Gemcitabine + Carboplatin
FBR1Q230114,RXA,Control
FBR1Q230114,RXH,Adriamycin / Doxorubicin + Cyclophosphamide
FBR1Q230114,RXB,Paclitaxel
FBR1Q230114,RXK,Paclitaxel + Gemcitabine + Carboplatin
FBR1Q230114,RXM,Eribulin
FBR1Q230114,RXC,Capecitabine
FBR1Q230121,RXA,Control
FBR1Q230121,RXH,Adriamycin / Doxorubicin + Cyclophosphamide
FBR1Q230121,RXB,Paclitaxel
FBR1Q230121,RXL,Capecitabine
FBR1Q230135,RXA,Control
FBR1Q230135,RXB,Paclitaxel
FBR1Q230135,RXK,Paclitaxel + Gemcitabine + Carboplatin
FBR1Q230135,RXM,Eribulin
FBR1Q230135,RXL,Capecitabine
FBR1M230288,RXA,Control
FBR1M230288,RXD,Sunitinib
FBR1M230288,RXG,Pazopanib
FBR1Q230367,RXA,Control
FBR1Q230367,RXAI,IL2
FBR1Q230367,RXAM,Control
FBR1Q230367,RXAN,IL2
FBR1Q230367,RXAO,Control
FBR1Q230367,RXAP,IL2
FBR1Q230369,RXA,Control
FBR1Q230369,RXAI,IL2
FBR1Q230369,RXAM,Control
FBR1Q230369,RXAN,IL2
FBR1Q230369,RXAO,Control
FBR1Q230369,RXAP,IL2
FBR1Q230376,RXA,Control
FBR1Q230376,RXAI,IL2
FBR1Q230376,RXAM,Control
FBR1Q230376,RXAN,IL2
FBR1Q230376,RXAO,Control
FBR1Q230376,RXAP,IL2
FBR1R230011,RXA,Control
FBR1R230011,RXB,Cisplatin_Cmax
FBR1R230011,RXC,Nivolumab_Cmax
FBR1R230028,RXA,Control
FBR1R230028,RXB,Nivolumab_Cmax
FBR1R230035,RXA,Control
FBR1R230035,RXB,Nivolumab_Cmax
FBR1R230037,RXA,Control
FBR1R230037,RXB,Cisplatin_Cmax
FBR1R230037,RXD,Nivolumab_Cmax
FBR1R230045,RXA,Control
FBR1R230045,RXB,Paclitaxel + Carboplatin
FBR1R230045,RXC,Nivolumab_Cmax
FBR1R230047,RXA,Control
FBR1R230047,RXB,Cisplatin_Cmax
FBR1R230047,RXD,Nivolumab_Cmax
FBR1R230089,RXA,Control
FBR1R230089,RXF,Cisplatin_Cmax
FBR1R230110,RXA,Control
FBR1R230110,RXF,Cisplatin_Cmax
FBR1T230002,RXA,Control
FBR1T230002,RXB,Paclitaxel + Carboplatin
FBR1T230002,RXC,Gemcitabine + Carboplatin
FBR1T230002,RXD,Nivolumab_Cmax
FBR1T230003,RXA,Control
FBR1T230003,RXB,Paclitaxel + Carboplatin
FBR1T230003,RXC,Docetaxel + Carboplatin
FBR1T230003,RXD,Nivolumab_Cmax
FBR1T230004,RXA,Control
FBR1T230004,RXB,Paclitaxel + Carboplatin
FBR1T230004,RXC,Docetaxel + Carboplatin
FBR1T230006,RXA,Control
FBR1T230006,RXB,Cisplatin_Cmax
FBR1T230006,RXC,Cisplatin_Cmax + 5FU + Docetaxel
FBR1T230006,RXD,Nivolumab_Cmax
FBR1T230009,RXA,Control
FBR1T230009,RXB,Paclitaxel + Carboplatin
FBR1T230009,RXC,Gemcitabine + Carboplatin
FBR1T230009,RXD,Methotrexate
FBR1T230011,RXA,Control
FBR1T230011,RXB,Cisplatin_Cmax
FBR1T230011,RXC,Cisplatin_Cmax + 5FU + Docetaxel
FBR1T230011,RXD,Nivolumab_Cmax
FBR1T230014,RXA,Control
FBR1T230014,RXB,Cisplatin_Cmax
FBR1T230014,RXC,Cisplatin_Cmax + 5FU + Docetaxel
FBR1T230016,RXA,Control
FBR1T230016,RXB,Paclitaxel + Carboplatin
FBR1T230017,RXA,Control
FBR1T230017,RXB,Paclitaxel + Carboplatin
FBR1T230017,RXC,Docetaxel + Carboplatin
FBR1T230017,RXD,Gemcitabine
FBR1T230018,RXA,Control
FBR1T230018,RXB,Paclitaxel + Carboplatin
FBR1T230018,RXC,Carboplatin + Docetaxel
FBR1T230018,RXD,Gemcitabine
FBR1T230019,RXA,Control
FBR1T230019,RXB,Cisplatin_Cmax
FBR1T230019,RXC,Cisplatin_Cmax + 5FU + Docetaxel
FBR1T230019,RXD,Nivolumab_Cmax
FBR1T230025,RXA,Control
FBR1T230025,RXB,Cisplatin_Cmax
FBR1T230025,RXC,Cisplatin_Cmax + 5FU + Docetaxel
FBR1T230028,RXA,Control
FBR1T230028,RXB,Paclitaxel + Carboplatin
FBR1T230028,RXC,Gemcitabine + Carboplatin
FBR1T230028,RXD,Nivolumab_Cmax
FBR1T230030,RXA,Control
FBR1T230030,RXB,Paclitaxel + Carboplatin
FBR1T230030,RXC,Docetaxel + Carboplatin
FBR1T230030,RXD,Nivolumab_Cmax
FBR1T230032,RXA,Control
FBR1T230032,RXB,Paclitaxel + Carboplatin
FBR1T230032,RXC,Gemcitabine + Carboplatin
FBR1T230033,RXA,Control
FBR1T230033,RXB,Gemcitabine
FBR1T230035,RXA,Control
FBR1T230035,RXB,Nivolumab_Cmax
FBR1T230035,RXC,Nivolumab_Low dose
FBR1T230036,RXA,Control
FBR1T230036,RXB,Paclitaxel + Carboplatin
FBR1T230036,RXC,Gemcitabine + Carboplatin
FBR1T230036,RXD,Nivolumab_Cmax
FBR1T230037,RXA,Control
FBR1T230037,RXB,Cisplatin_Cmax
FBR1T230037,RXC,5FU + Docetaxel + Cisplatin_Cmax
FBR1T230037,RXD,Nivolumab_Cmax
FBR1T230037,RXE,Nivolumab_Low dose
FBR1T230040,RXA,Control
FBR1T230040,RXB,Cisplatin_Cmax
FBR1T230045,RXA,Control
FBR1T230045,RXB,Paclitaxel + Carboplatin
FBR1T230045,RXC,Gemcitabine + Carboplatin
FBR1T230045,RXD,Nivolumab_Cmax
FBR1T230047,RXA,Control
FBR1T230047,RXB,Cisplatin_Cmax
FBR1T230047,RXC,Cetuximab
FBR1T230047,RXD,Nivolumab_Cmax
FBR1T230052,RXA,Control
FBR1T230052,RXB,Paclitaxel + Carboplatin
FBR1T230052,RXC,Gemcitabine + Carboplatin
FBR1T230052,RXD,Methotrexate
FBR1T230054,RXA,Control
FBR1T230054,RXB,Nivolumab_Cmax
FBR1T230056,RXA,Control
FBR1T230056,RXB,Cisplatin_Cmax + 5FU
FBR1T230056,RXC,Gemcitabine
FBR1T230056,RXD,Paclitaxel
FBR1T230060,RXA,Control
FBR1T230060,RXB,Paclitaxel + Carboplatin
FBR1T230060,RXC,Docetaxel + Carboplatin
FBR1T230062,RXA,Control
FBR1T230062,RXB,Paclitaxel + Carboplatin
FBR1T230062,RXC,Gemcitabine + Carboplatin
FBR1T230062,RXD,Methotrexate
FBR1T230062,RXE,Nivolumab_Cmax
FBR1T230062,RXF,Pembrolizumab_Cmax/2
FBR1T230063,RXA,Control
FBR1T230063,RXB,Cisplatin_Cmax
FBR1T230063,RXC,Cisplatin_Cmax + 5FU + Docetaxel
FBR1T230065,RXA,Control
FBR1T230065,RXE,Nivolumab_Cmax
FBR1T230065,RXF,Nivolumab_Low dose
FBR1T230071,RXA,Control
FBR1T230071,RXB,Nivolumab_Cmax
FBR1T230071,RXC,Nivolumab_Low dose
FBR1T230074,RXA,Control
FBR1T230074,RXB,Cisplatin_Cmax + 5FU
FBR1T230074,RXC,Gemcitabine
FBR1T230075,RXA,Control
FBR1T230075,RXB,Paclitaxel + Carboplatin
FBR1T230077,RXA,Control
FBR1T230077,RXB,Paclitaxel + Carboplatin
FBR1T230077,RXC,Gemcitabine + Carboplatin
FBR1T230079,RXA,Control
FBR1T230079,RXB,Cisplatin_Cmax
FBR1T230079,RXC,Cisplatin_Cmax + 5FU + Docetaxel
FBR1U230004,RXA,Control
FBR1U230004,RXB,Paclitaxel + Carboplatin
FBR1W230015,RXA,Control
FBR1W230015,RXB,Paclitaxel + Carboplatin
FBR1W230015,RXC,Paclitaxel + Carboplatin + Pembrolizumab_Cmax
FBR1W230022,RXA,Control
FBR1W230022,RXB,Paclitaxel + Carboplatin
FBR1W230072,RXA,Control
FBR1W230072,RXB,Paclitaxel + Carboplatin
FBR1W230085,RXA,Control
FBR1W230085,RXC,Paclitaxel + Carboplatin
FBR1W230085,RXD,Paclitaxel + Carboplatin + Pembrolizumab_Cmax
FBR1W230086,RXA,Control
FBR1W230086,RXE,Adriamycin / Doxorubicin + Paclitaxel
FBR1W230099,RXA,Control
FBR1W230099,RXC,Paclitaxel + Carboplatin
FBR1W230099,RXD,Paclitaxel + Carboplatin + Pembrolizumab_Cmax
FBR1W230120,RXA,Control
FBR1W230120,RXF,Paclitaxel + Adriamycin / Doxorubicin + Cyclophosphamide
FBR1W230120,RXC,Paclitaxel + Carboplatin
FBR1W230120,RXL,Capecitabine
FBR1W230155,RXA,Control
FBR1W230155,RXC,Paclitaxel + Carboplatin
FBR1W230155,RXD,Paclitaxel + Carboplatin + Pembrolizumab_Cmax/2
FBR1W230158,RXA,Control
FBR1W230158,RXP,Adriamycin / Doxorubicin + Cyclophosphamide + Paclitaxel
FBR1W230158,RXC,Paclitaxel + Carboplatin
FBR1W230212,RXA,Control
FBR1W230212,RXF,Adriamycin / Doxorubicin + Cyclophosphamide + Paclitaxel
FBR1W230215,RXA,Control
FBR1W230215,RXC,Paclitaxel + Carboplatin
FBR1W230309,RXA,Control
FBR1W230309,RXAD,Paclitaxel + Carboplatin
FBR1W230344,RXAA,Control
FBR1W230344,RXAD,Paclitaxel + Carboplatin
FBR1W230344,RXAE,Docetaxel + Cyclophosphamide
FBR1W230344,RXAF,Paclitaxel + Carboplatin + Pembrolizumab_Cmax
FBR1X230113,RXA,Control
FBR1X230113,RXF,Cisplatin_Cmax
FBR1X230210,RXA,Control
FBR1X230210,RXG,Cisplatin_Cmax + 5FU + Docetaxel
FBR1X230234,RXA,Control
FBR1X230234,RXF,Cisplatin_Cmax
FBR1X230252,RXA,Control
FBR1X230252,RXF,Cisplatin_Cmax
FBR1X230252,RXG,Cisplatin_Cmax + 5FU + Docetaxel
FBR1X230324,RXA,Control
FBR1X230324,RXF,Cisplatin_Cmax
FBR1X230324,RXG,Cisplatin_Cmax + 5FU + Docetaxel
FBR1Y230083,RXA,Control
FBR1Y230083,RXB,Methotrexate + Erlotinib + Celecoxib + Nivolumab_Low dose
FBR1Y230083,RXC,Nivolumab_Cmax
FBR1Y230098,RXA,Control
FBR1Y230098,RXF,Cisplatin_Cmax
FBR1Y230098,RXG,Cisplatin_Cmax + 5FU
FBR1Y230098,RXB,Methotrexate + Erlotinib + Celecoxib + Nivolumab_Low dose
FBR1Y230116,RXA,Control
FBR1Y230116,RXB,Methotrexate + Erlotinib + Celecoxib + Nivolumab_Low dose
FBR1Y230116,RXC,Nivolumab_Cmax
FBR1Y230116,RXD,Methotrexate + Erlotinib + Celecoxib
FBR1Y230117,RXA,Control
FBR1Y230117,RXF,Cisplatin_Cmax
FBR1Y230117,RXG,Docetaxel + Cisplatin_Cmax + 5FU
FBR1Y230123,RXA,Control
FBR1Y230123,RXF,Cisplatin_Cmax
FBR1Y230123,RXG,Cisplatin_Cmax + 5FU + Docetaxel
FBR1Y230123,RXB,Methotrexate + Erlotinib + Celecoxib + Nivolumab_Low dose
FBR1Y230128,RXA,Control
FBR1Y230128,RXQ,Docetaxel + 5FU + Carboplatin
FBR1Y230128,RXB,Methotrexate + Erlotinib + Celecoxib + Nivolumab_Low dose
FBR1Y230128,RXD,Methotrexate + Erlotinib + Celecoxib
FBR1Y230130,RXA,Control
FBR1Y230130,RXF,Cisplatin_Cmax
FBR1Y230130,RXG,Cisplatin_Cmax + 5FU + Docetaxel
FBR1Y230137,RXA,Control
FBR1Y230137,RXJ,Paclitaxel + Carboplatin
FBR1Y230137,RXL,Gemcitabine + Carboplatin
FBR1Y230137,RXN,Methotrexate
FBR1Y230137,RXB,Methotrexate + Erlotinib + Celecoxib + Nivolumab_Low dose
FBR1Y230138,RXA,Control
FBR1Y230138,RXH,Cisplatin_Cmax + 5FU
FBR1Y230138,RXK,Gemcitabine
FBR1Y230138,RXI,Paclitaxel
FBR1Y230150,RXA,Control
FBR1Y230150,RXJ,Paclitaxel + Carboplatin
FBR1Y230150,RXL,Gemcitabine + Carboplatin
FBR1Y230150,RXN,Methotrexate
FBR1Y230151,RXA,Control
FBR1Y230151,RXF,Cisplatin_Cmax
FBR1Y230151,RXG,Cisplatin_Cmax + Docetaxel + 5FU
FBR1Y230156,RXA,Control
FBR1Y230156,RXF,Cisplatin_Cmax
FBR1Y230156,RXG,Cisplatin_Cmax + Docetaxel + 5FU
FBR1Y230159,RXA,Control
FBR1Y230159,RXJ,Paclitaxel + Carboplatin
FBR1Y230159,RXC,Nivolumab_Cmax
FBR1Y230159,RXL,Gemcitabine + Cabozantinib
FBR1Y230182,RXA,Control
FBR1Y230182,RXF,Cisplatin_Cmax
FBR1Y230206,RXA,Control
FBR1Y230206,RXF,Cisplatin_Cmax
FBR1Y230206,RXG,Cisplatin_Cmax + 5FU + Docetaxel
FBR1Y230207,RXA,Control
FBR1Y230207,RXF,Cisplatin_Cmax
FBR1Y230207,RXG,Cisplatin_Cmax + 5FU + Docetaxel
FBR1Y230207,RXW,Cisplatin_Cmax + Nivolumab_Low dose
FBR1Y230211,RXA,Control
FBR1Y230211,RXF,Cisplatin_Cmax
FBR1Y230211,RXG,Cisplatin_Cmax + 5FU + Docetaxel
FBR1Y230211,RXW,Cisplatin_Cmax + Nivolumab_Low dose
FBR1Y230217,RXA,Control
FBR1Y230217,RXF,Cisplatin_Cmax
FBR1Y230217,RXG,Cisplatin_Cmax + 5FU + Docetaxel
FBR1Y230221,RXA,Control
FBR1Y230221,RXF,Cisplatin_Cmax
FBR1Y230221,RXG,Cisplatin_Cmax + 5FU + Docetaxel
FBR1Y230225,RXA,Control
FBR1Y230225,RXF,Cisplatin_Cmax
FBR1Y230225,RXG,Cisplatin_Cmax + 5FU + Docetaxel
FBR1Y230225,RXW,Cisplatin_Cmax + Nivolumab_Low dose
FBR1Y230233,RXA,Control
FBR1Y230233,RXF,Cisplatin_Cmax
FBR1Y230233,RXG,Cisplatin_Cmax + Docetaxel + 5FU
FBR1Y230233,RXW,Cisplatin_Cmax + Nivolumab_Low dose
FBR1Y230244,RXA,Control
FBR1Y230244,RXF,Cisplatin_Cmax
FBR1Y230244,RXG,Cisplatin_Cmax + Docetaxel + 5FU
FBR1Y230244,RXW,Cisplatin_Cmax + Nivolumab_Low dose
FBR1Y230247,RXA,Control
FBR1Y230247,RXF,Cisplatin_Cmax
FBR1Y230247,RXG,Cisplatin_Cmax + Docetaxel + 5FU
FBR1Y230247,RXW,Cisplatin_Cmax + Nivolumab_Low dose
FBR1Y230269,RXA,Control
FBR1Y230269,RXJ,Paclitaxel + Carboplatin
FBR1Y230282,RXA,Control
FBR1Y230282,RXF,Cisplatin_Cmax
FBR1Y230282,RXG,Cisplatin_Cmax + Docetaxel + 5FU
FBR1Y230289,RXA,Control
FBR1Y230289,RXF,Cisplatin_Cmax
FBR1Y230289,RXG,Cisplatin_Cmax + 5FU
FBR1Y230298,RXA,Control
FBR1Y230298,RXF,Cisplatin_Cmax
FBR1Y230298,RXG,Cisplatin_Cmax + Docetaxel + 5FU
FBR1Y230314,RXA,Control
FBR1Y230314,RXJ,Paclitaxel + Carboplatin
FBR1Y230314,RXF,Cisplatin_Cmax
FBR1Y230314,RXL,Gemcitabine + Carboplatin
FBR1Y230322,RXA,Control
FBR1Y230322,RXF,Cisplatin_Cmax
FBR1Y230322,RXG,Cisplatin_Cmax + Docetaxel + 5FU
FBR1Y230326,RXA,Control
FBR1Y230326,RXF,Cisplatin_Cmax
FBR1Y230326,RXG,Cisplatin_Cmax + Docetaxel + 5FU
FBR1Y230343,RXA,Control
FBR1Y230343,RXF,Cisplatin_Cmax
FBR1Y230343,RXG,Cisplatin_Cmax + Docetaxel + 5FU
FBR1Y230360,RXA,Control
FBR1Y230360,RXF,Cisplatin_Cmax
FBR1Y230360,RXG,Cisplatin_Cmax + 5FU + Docetaxel
FBR1Y230365,RXA,Control
FBR1Y230365,RXF,Cisplatin_Cmax
FBR1Y230365,RXG,Cisplatin_Cmax + 5FU + Docetaxel
FBR1Y230382,RXA,Control
FBR1Y230382,RXJ,Paclitaxel + Carboplatin
FBR1Y230382,RXF,Cisplatin_Cmax
FBR1Y230382,RXL,Gemcitabine + Carboplatin
FBR1Y230384,RXA,Control
FBR1Y230384,RXF,Cisplatin_Cmax
FBR1Y230384,RXG,Cisplatin_Cmax + 5FU + Docetaxel
FBR1Z230082,RXA,Control
FBR1Z230082,RXB,Methotrexate + Erlotinib + Celecoxib
FBR1Z230082,RXC,Nivolumab_Cmax
FBR1Z230082,RXD,Methotrexate + Erlotinib + Celecoxib
FBR1Z230094,RXA,Control
FBR1Z230094,RXB,Methotrexate + Celecoxib + Nivolumab_Low dose
FBR1Z230094,RXC,Nivolumab_Cmax
FBR1Z230094,RXD,Cisplatin_Cmax + Methotrexate
FBR1Z230100,RXA,Control
FBR1Z230100,RXV,Paclitaxel + Carboplatin + Nivolumab_Low dose
FBR1Z230100,RXJ,Paclitaxel + Carboplatin
FBR1Z230100,RXC,Nivolumab_Cmax
FBR1Z230119,RXA,Control
FBR1Z230119,RXV,Paclitaxel + Carboplatin + Nivolumab_Low dose
FBR1Z230119,RXT,Paclitaxel + Carboplatin
FBR1Z230119,RXC,Nivolumab_Cmax
FBR1Z230132,RXA,Control
FBR1Z230132,RXB,Methotrexate + Erlotinib + Celecoxib + Nivolumab_Low dose
FBR1Z230132,RXC,Nivolumab_Cmax
FBR1Z230132,RXD,Methotrexate + Erlotinib + Celecoxib
FBR1Z230134,RXA,Control
FBR1Z230134,RXB,Methotrexate + Erlotinib + Celecoxib + Nivolumab_Low dose
FBR1Z230134,RXC,Nivolumab_Cmax
FBR1Z230134,RXD,Methotrexate + Erlotinib + Celecoxib
FBR1Z230140,RXA,Control
FBR1Z230140,RXB,Methotrexate + Erlotinib + Celecoxib + Nivolumab_Low dose
FBR1Z230140,RXC,Nivolumab_Cmax
FBR1Z230140,RXD,Methotrexate + Erlotinib + Celecoxib
FBR1Z230142,RXA,Control
FBR1Z230142,RXB,Methotrexate + Erlotinib + Celecoxib + Nivolumab_Low dose
FBR1Z230142,RXC,Nivolumab_Cmax
FBR1Z230142,RXD,Methotrexate + Erlotinib + Celecoxib
FBR1Z230143,RXA,Control
FBR1Z230143,RXB,Methotrexate + Erlotinib + Celecoxib + Nivolumab_Low dose
FBR1Z230143,RXC,Nivolumab_Cmax
FBR1Z230143,RXD,Methotrexate + Erlotinib + Celecoxib
FBR1Z230144,RXA,Control
FBR1Z230144,RXB,Methotrexate + Erlotinib + Celecoxib + Nivolumab_Low dose
FBR1Z230144,RXC,Nivolumab_Cmax
FBR1Z230144,RXD,Methotrexate + Erlotinib + Celecoxib
FBR1Z230162,RXA,Control
FBR1Z230162,RXB,Methotrexate + Erlotinib + Celecoxib + Nivolumab_Low dose
FBR1Z230162,RXD,Methotrexate + Erlotinib + Celecoxib
FBR1Z230165,RXA,Control
FBR1Z230165,RXB,Methotrexate + Erlotinib + Celecoxib + Nivolumab_Low dose
FBR1Z230165,RXC,Nivolumab_Cmax
FBR1Z230165,RXD,Methotrexate + Erlotinib + Celecoxib
FBR1Z230167,RXA,Control
FBR1Z230167,RXB,Methotrexate + Erlotinib + Celecoxib + Nivolumab_Low dose
FBR1Z230167,RXC,Nivolumab_Cmax
FBR1Z230167,RXD,Methotrexate + Erlotinib + Celecoxib
FBR1Z230170,RXA,Control
FBR1Z230170,RXB,Methotrexate + Erlotinib + Celecoxib + Nivolumab_Low dose
FBR1Z230170,RXA,Control
FBR1Z230170,RXD,Methotrexate + Erlotinib + Celecoxib
FBR1Z230199,RXA,Control
FBR1Z230199,RXD,Methotrexate + Erlotinib + Celecoxib
FBR1Z230199,RXB,Methotrexate + Erlotinib + Celecoxib + Nivolumab_Low dose
FBR1Z230201,RXA,Control
FBR1Z230201,RXB,Methotrexate + Erlotinib + Celecoxib
FBR1Z230201,RXC,Nivolumab_Cmax
FBR1Z230201,RXD,Methotrexate + Erlotinib + Celecoxib
FBR1Z230213,RXA,Control
FBR1Z230213,RXB,Methotrexate + Erlotinib + Celecoxib + Nivolumab_Low dose
FBR1Z230213,RXC,Nivolumab_Cmax
FBR1Z230213,RXD,Methotrexate + Erlotinib + Celecoxib
FBR1Z230218,RXA,Control
FBR1Z230218,RXB,Methotrexate + Erlotinib + Celecoxib + Nivolumab_Low dose
FBR1Z230218,RXC,Nivolumab_Cmax
FBR1Z230218,RXD,Methotrexate + Erlotinib + Celecoxib
FBR1Z230223,RXA,Control
FBR1Z230223,RXB,Methotrexate + Erlotinib + Celecoxib + Nivolumab_Low dose
FBR1Z230223,RXC,Nivolumab_Cmax
FBR1Z230223,RXD,Methotrexate + Erlotinib + Celecoxib + Nivolumab_Low dose
FBR1Z230231,RXA,Control
FBR1Z230231,RXB,Methotrexate + Erlotinib + Celecoxib + Nivolumab_Low dose
FBR1Z230231,RXC,Nivolumab_Cmax
FBR1Z230231,RXD,Methotrexate + Erlotinib + Celecoxib
FBR1Z230232,RXA,Control
FBR1Z230232,RXB,Methotrexate + Erlotinib + Celecoxib + Nivolumab_Low dose
FBR1Z230232,RXC,Nivolumab_Cmax
FBR1Z230232,RXD,Methotrexate + Erlotinib + Celecoxib + Nivolumab_Low dose
FBR1Z230240,RXA,Control
FBR1Z230240,RXB,Methotrexate + Erlotinib + Celecoxib + Nivolumab_Low dose
FBR1Z230240,RXC,Nivolumab_Cmax
FBR1Z230240,RXD,Methotrexate + Erlotinib + Celecoxib + Nivolumab_Low dose
FBR1Z230241,RXA,Control
FBR1Z230241,RXB,Methotrexate + Erlotinib + Celecoxib + Nivolumab_Low dose
FBR1Z230241,RXC,Nivolumab_Cmax
FBR1Z230241,RXD,Methotrexate + Erlotinib + Celecoxib + Nivolumab_Low dose
FBR1Z230245,RXA,Control
FBR1Z230245,RXB,Methotrexate + Erlotinib + Celecoxib + Nivolumab_Low dose
FBR1Z230245,RXC,Nivolumab_Cmax
FBR1Z230245,RXD,Methotrexate + Erlotinib + Celecoxib + Nivolumab_Low dose
FBR1Z230373,RXA,Control
FBR1Z230373,RXB,Methotrexate + Erlotinib + Celecoxib + Nivolumab_Low dose
FBR1Z230373,RXC,Nivolumab_Cmax
FBR1Z230373,RXD,Methotrexate + Erlotinib + Celecoxib + Nivolumab_Low dose
FBR1Z230327,RXA,Control
FBR1Z230327,RXB,Methotrexate + Erlotinib + Celecoxib + Nivolumab_Low dose
FBR1Z230327,RXC,Nivolumab_Cmax
FBR1Z230327,RXD,Methotrexate + Erlotinib + Celecoxib
FBR1Z230357,RXA,Control
FBR1Z230357,RXB,Methotrexate + Erlotinib + Celecoxib + Nivolumab_Low dose
FBR1Z230357,RXD,Methotrexate + Erlotinib + Celecoxib
FBR1Z230362,RXA,Control
FBR1Z230362,RXB,Methotrexate + Erlotinib + Celecoxib + Nivolumab_Low dose
FBR1Z230362,RXC,Nivolumab_Cmax
FBR1Z230362,RXD,Methotrexate + Erlotinib + Celecoxib
FBR1Z230377,RXA,Control
FBR1Z230377,RXB,Methotrexate + Erlotinib + Celecoxib + Nivolumab_Low dose
FBR1Z230377,RXC,Nivolumab_Cmax
FBR1Z230377,RXD,Methotrexate + Erlotinib + Celecoxib
FBR1Y230146,RXA,Control
FBR1Y230146,RXF,Cisplatin_Cmax
FBR1Y230146,RXG,Cisplatin_Cmax + 5FU + Docetaxel
FBR1Y230154,RXA,Control
FBR1Y230154,RXF,Cisplatin_Cmax
FBR1Y230154,RXG,Cisplatin_Cmax + 5FU + Docetaxel
FBR1Y230154,RXW,Cisplatin_Cmax + Nivolumab_Low dose
FBR1Y230154,RXX,Cisplatin_Cmax + 5FU + Docetaxel + Nivolumab_Low dose
FBR1Y230164,RXA,Control
FBR1Y230164,RXF,Cisplatin_Cmax
FBR1Y230164,RXG,Cisplatin_Cmax + 5FU + Docetaxel
FBR1Y230164,RXW,Cisplatin_Cmax + Nivolumab_Low dose
FBR1Y230181,RXA,Control
FBR1Y230181,RXF,Cisplatin_Cmax
FBR1Y230181,RXG,Cisplatin_Cmax + 5FU + Docetaxel
FBR1Y230287,RXA,Control
FBR1Y230287,RXF,Cisplatin_Cmax
FBR1Y230287,RXG,Cisplatin_Cmax + 5FU + Docetaxel
FBR1Y230294,RXA,Control
FBR1Y230294,RXF,Cisplatin_Cmax
FBR1Y230294,RXG,Cisplatin_Cmax + 5FU + Docetaxel
FBR1Y230317,RXA,Control
FBR1Y230317,RXF,Cisplatin_Cmax
FBR1Y230330,RXA,Control
FBR1Y230330,RXF,Cisplatin_Cmax
FBR1Y230330,RXG,Cisplatin_Cmax + 5FU + Docetaxel
FBR1Y230332,RXA,Control
FBR1Y230332,RXF,Cisplatin_Cmax
FBR1Y230332,RXG,Cisplatin_Cmax + 5FU + Docetaxel
FBR1Y230337,RXA,Control
FBR1Y230337,RXF,Cisplatin_Cmax
FBR1Y230337,RXG,Cisplatin_Cmax + 5FU + Docetaxel
FBR1Q230091,RXA,Control
FBR1Q230091,RXH,Adriamycin / Doxorubicin + Cyclophosphamide
FBR1Q230091,RXB,Paclitaxel
FBR1Q230091,RXL,Capecitabine
FBR1Q230029,RXA,Control
FBR1Q230029,RXB,Adriamycin / Doxorubicin + Cyclophosphamide
FBR1Q230029,RXC,Paclitaxel
FBR1Q230029,RXD,Gemcitabine + Carboplatin
FBR1Q230029,RXE,Eribulin
FBR1Q230029,RXF,Capecitabine
FBR1A230122,RXA,Control
FBR1A230122,RXC,Paclitaxel + Carboplatin
FBR1A230122,RXT,Anti-CD3 + IL2
FBR1X230366,RXA,Control
FBR1X230366,RXF,Cisplatin_Cmax
FBR1Y230347,RXA,Control
FBR1Y230347,RXF,Cisplatin_Cmax
FBR1Y230351,RXA,Control
FBR1Y230351,RXF,Cisplatin_Cmax
FBR1Y230351,RXG,Cisplatin_Cmax + 5FU + Docetaxel
FBR1Y230359,RXA,Control
FBR1Y230359,RXB,Methotrexate + Erlotinib + Celecoxib + Nivolumab_Low dose
FBR1Y230359,RXC,Nivolumab_Cmax
FBR1Y230359,RXF,Cisplatin_Cmax
FBR1Y230375,RXA,Control
FBR1Y230375,RXF,Cisplatin_Cmax
FBR1Y230375,RXG,Cisplatin_Cmax + 5FU + Docetaxel
FBR1J230194,RXA,Control
FBR1J230194,RXT,Anti-CD3 + IL2
FBR1J230194,RXB,Nivolumab_Cmax
FBR1W230256,RXA,Control
FBR1W230256,RXS,Control
FBR1W230256,RXC,Carboplatin + Paclitaxel
FBR1Y240113,RXA,Control
FBR1Y240113,RXF,Cisplatin_Cmax
FBR1Y240118,RXA,Control
FBR1Y240118,RXF,Cisplatin_Cmax
FBR1W230228,RXA,Control
FBR1W230228,RXC,Paclitaxel + Carboplatin
FBR1Y240119,RXAI,Control
FBR1Y240119,RXAL,Nivolumab_Low dose
FBR1W230133,RXA,Control
FBR1W230133,RXF,Paclitaxel + Adriamycin / Doxorubicin + Cyclophosphamide
FBR1W230133,RXC,Paclitaxel + Carboplatin
FBR1Y230355,RXA,Control
FBR1Y230355,RXF,Cisplatin_Cmax
FBR2A230209,RXA,Control
FBR2A230209,RXC,Paclitaxel + Carboplatin
FBR2A230224,RXA,Control
FBR2A230224,RXC,Paclitaxel + Carboplatin
FBR2A230250,RXA,Control
FBR2A230250,RXC,Paclitaxel + Carboplatin
FBR2A230250,RXK,Lipodox
FBR2A230278,RXA,Control
FBR2A230278,RXC,Paclitaxel + Carboplatin
FBR2A230278,RXK,Lipodox
FBR2A230299,RXA,Control
FBR2A230299,RXC,Paclitaxel + Carboplatin
FBR2A230299,RXK,Lipodox
FBR2A230304,RXA,Control
FBR2A230304,RXC,Paclitaxel + Carboplatin
FBR2A230304,RXK,Lipodox
FBR2A230385,RXA,Control
FBR2A230385,RXC,Paclitaxel + Carboplatin
FBR2A230385,RXK,Lipodox
FBR2B230166,RXA,Control
FBR2B230166,RXC,Paclitaxel + Carboplatin
FBR2B230174,RXA,Control
FBR2B230174,RXC,Paclitaxel + Carboplatin
FBR2B230229,RXA,Control
FBR2B230229,RXC,Paclitaxel + Carboplatin
FBR2B230300,RXA,Control
FBR2B230300,RXC,Paclitaxel + Carboplatin
FBR2C230188,RXA,Control
FBR2C230188,RXB,Nivolumab_Cmax
FBR2C230188,RXC,Nivolumab_Cmax + Sunitinib
FBR1X230115,RXA,Control
FBR1X230115,RXF,Cisplatin_Cmax
FBR1A230149,RXA,Control
FBR1A230149,RXC,Paclitaxel + Carboplatin
FBR1A230149,RXV,Nivolumab_Cmax
FBR1R230002,RXA,Control
FBR1R230002,RXB,Paclitaxel + Carboplatin
FBR1R230002,RXD,Nivolumab_Cmax
FBR1R230003,RXA,Control
FBR1R230003,RXB,Paclitaxel + Carboplatin
FBR1R230003,RXD,Nivolumab_Cmax
FBR1R230006,RXA,Control
FBR1R230006,RXB,Cisplatin_Cmax
FBR1R230006,RXD,Nivolumab_Cmax
FBR1R230016,RXA,Control
FBR1R230016,RXB,Paclitaxel + Carboplatin
FBR1R230017,RXA,Control
FBR1R230017,RXB,Paclitaxel + Carboplatin
FBR1R230018,RXA,Control
FBR1R230018,RXB,Paclitaxel + Carboplatin
FBR1R230030,RXA,Control
FBR1R230030,RXB,Paclitaxel + Carboplatin
FBR1R230030,RXD,Nivolumab_Cmax
FBR1R230048,RXA,Control
FBR1R230048,RXB,Cisplatin_Cmax
FBR1R230048,RXD,Nivolumab_Cmax
FBR1R230061,RXA,Control
FBR1R230061,RXB,Paclitaxel + Carboplatin
FBR1R230061,RXD,Nivolumab_Cmax
FBR1X230153,RXA,Control
FBR1X230153,RXF,Cisplatin_Cmax
FBR1X230153,RXG,Cisplatin_Cmax + 5FU + Docetaxel
FBR1X230153,RXW,Cisplatin_Cmax + Nivolumab_Low dose
FBR1W230345,RXA,Control
FBR1W230345,RXT,Anti-CD3 + IL2
FBR1W230345,RXX,Anti-CD3 + IL2
FBR1X230361,RXA,Control
FBR1X230361,RXF,Cisplatin_Cmax
FBR1W230307,RXA,Control
FBR1W230307,RXAB,Control
FBR1W230307,RXY,LPS
FBR1W230307,RXX,Anti-CD3 + IL2
FBR1W230307,RXAC,Anti-CD3 + IL2
FBR1W230243,RXA,Control
FBR1W230243,RXC,Carboplatin
FBR1W230097,RXA,Control
FBR1W230097,RXE,Adriamycin / Doxorubicin + Paclitaxel + Cyclophosphamide
FBR1W230067,RXA,Control
FBR1W230067,RXC,Paclitaxel + Carboplatin + Pembrolizumab_Cmax
FBR1W230020,RXA,Control
FBR1W230020,RXB,Paclitaxel + Carboplatin
FBR1W230020,RXC,Paclitaxel + Carboplatin
FBR1W230020,RXD,Paclitaxel + Carboplatin + Pembrolizumab_Cmax
FBR1V230014,RXA,Control
FBR1V230014,RXC,Control
FBR1V230014,RXE,Control
FBR1V230014,RXB,Anti-CD3 + IL2
FBR1V230014,RXD,Anti-CD3 + IL2
FBR1V230014,RXF,Anti-CD3 + IL2
FBR1R230159,RXA,Control
FBR1R230159,RXJ,Paclitaxel + Carboplatin
FBR1R230159,RXD,Nivolumab_Cmax
FBR1R230167,RXA,Control
FBR1R230167,RXH,Cisplatin_Cmax + 5FU
FBR1R230167,RXK,Gemcitabine
FBR1T230061,RXA,Control
FBR1T230061,RXB,Paclitaxel + Carboplatin
FBR1T230061,RXC,Gemcitabine + Carboplatin
FBR1T230061,RXD,Nivolumab_Cmax
FBR1T230061,RXE,Pembrolizumab_Cmax
FBR1T230044,RXA,Control
FBR1T230044,RXB,Paclitaxel + Carboplatin
FBR1T230044,RXC,Docetaxel + Carboplatin
FBR1T230044,RXD,Gemcitabine
FBR1T230039,RXA,Control
FBR1T230039,RXB,Paclitaxel + Carboplatin
FBR1T230039,RXC,Nivolumab_Cmax
FBR1T230039,RXD,Nivolumab_Low dose
FBR2C230189,RXA,Control
FBR2C230189,RXB,Nivolumab_Cmax
FBR2C230189,RXC,Nivolumab_Cmax + Sunitinib
FBR2C230200,RXA,Control
FBR2C230200,RXB,Nivolumab_Cmax
FBR2C230202,RXA,Control
FBR2C230202,RXB,Nivolumab_Cmax
FBR2C230202,RXC,Nivolumab_Cmax + Sunitinib
FBR2C230268,RXA,Control
FBR2C230268,RXB,Nivolumab_Cmax
FBR2C230277,RXA,Control
FBR2C230277,RXB,Nivolumab_Cmax
FBR2C230277,RXC,Nivolumab_Cmax + Sunitinib
FBR2C230333,RXA,Control
FBR2C230333,RXB,Nivolumab_Cmax
FBR2C230336,RXA,Control
FBR2C230336,RXB,Nivolumab_Cmax
FBR2C230336,RXC,Nivolumab_Cmax + Sunitinib
FBR2C230371,RXA,Control
FBR2C230371,RXB,Nivolumab_Cmax
FBR2C230371,RXC,Nivolumab_Cmax + Sunitinib
FBR2D230294,RXA,Control
FBR2D230294,RXT,Anti-CD3 + IL2
FBR2D230294,RXAC,Control
FBR2D230294,RXAD,Anti-CD3 + IL2
FBR2D230317,RXA,Control
FBR2D230317,RXT,Anti-CD3 + IL2
FBR2D230317,RXAC,Control
FBR2D230317,RXAD,Anti-CD3 + IL2
FBR1T230048,RXA,Control
FBR1T230048,RXB,Cisplatin_Cmax
FBR1T230048,RXC,5FU + Cisplatin_Cmax + Docetaxel
FBR1T230048,RXD,Nivolumab_Cmax
FBR1T230048,RXE,Nivolumab_Low dose
FBR1T230069,RXA,Control
FBR1T230069,RXB,Carboplatin + Paclitaxel
FBR1T230069,RXC,Carboplatin + Gemcitabine
FBR1T230069,RXE,Nivolumab_Cmax
FBR1T230069,RXF,Nivolumab_Low dose
FBR1T230070,RXA,Control
FBR1T230070,RXB,Cisplatin_Cmax
FBR1T230070,RXC,5FU + Cisplatin_Cmax + Docetaxel
FBR1T230070,RXD,Nivolumab_Cmax
FBR1T230070,RXE,Nivolumab_Low dose
FBR1W230080,RXA,Control
FBR1W230080,RXB,Carboplatin + Paclitaxel
FBR1W230296,RXAA,Control
FBR1W230296,RXAB,Control
FBR1W230296,RXAC,Anti-CD3 + IL2
FBR1W230296,RXX,Anti-CD3 + IL2
FBR1W230297,RXAA,Control
FBR1W230297,RXAB,Control
FBR1W230297,RXAC,Anti-CD3 + IL2
FBR1W230297,RXX,Anti-CD3 + IL2
FBR1W230321,RXAA,Control
FBR1W230321,RXAB,Control
FBR1W230321,RXAC,Anti-CD3 + IL2
FBR1W230321,RXX,Anti-CD3 + IL2
